ym,y,p,event_type,speaker,indicator,layer,nrow,maturity,model,yhat
"(1996, 1)",0.0,10,meeting minutes,,UST,16,106,1 Mo,y_bl,-0.0057523533079462475
"(1996, 1)",0.0,10,meeting minutes,,UST,16,106,1 Mo,y_probe,0.0033064850751005972
"(1996, 3)",0.07738666361542093,10,meeting minutes,,UST,16,77,1 Mo,y_bl,-0.0057523533079462475
"(1996, 3)",0.07738666361542093,10,meeting minutes,,UST,16,77,1 Mo,y_probe,0.03681894637866038
"(1996, 5)",0.035824726518145805,10,meeting minutes,,UST,16,88,1 Mo,y_bl,-0.015055506877691716
"(1996, 5)",0.035824726518145805,10,meeting minutes,,UST,16,88,1 Mo,y_probe,0.009584932344560442
"(1996, 7)",0.013110165924207662,10,meeting minutes,,UST,16,124,1 Mo,y_bl,-0.011913417460334383
"(1996, 7)",0.013110165924207662,10,meeting minutes,,UST,16,124,1 Mo,y_probe,0.009092314039021996
"(1996, 8)",-0.016047025597516695,10,meeting minutes,,UST,16,75,1 Mo,y_bl,-0.00020192582557820442
"(1996, 8)",-0.016047025597516695,10,meeting minutes,,UST,16,75,1 Mo,y_probe,0.01000964004010699
"(1996, 9)",0.03184060585565751,10,meeting minutes,,UST,16,91,1 Mo,y_bl,-0.0061383372412705285
"(1996, 9)",0.03184060585565751,10,meeting minutes,,UST,16,91,1 Mo,y_probe,0.021279018674140386
"(1996, 10)",-0.024514565763584573,10,speech,Chairman Alan Greenspan,UST,16,20,1 Mo,y_bl,0.14605318147907356
"(1996, 10)",-0.024514565763584573,10,speech,Chairman Alan Greenspan,UST,16,20,1 Mo,y_probe,-0.03494204178798604
"(1996, 11)",-0.06172011215787131,10,meeting minutes,,UST,16,82,1 Mo,y_bl,-0.0070140801012760915
"(1996, 11)",-0.06172011215787131,10,meeting minutes,,UST,16,82,1 Mo,y_probe,-0.008583823248759847
"(1996, 12)",0.029076264081508763,10,meeting minutes,,UST,16,67,1 Mo,y_bl,0.009893431793614113
"(1996, 12)",0.029076264081508763,10,meeting minutes,,UST,16,67,1 Mo,y_probe,0.01299963852433086
"(1997, 1)",0.02384613737283403,10,speech,Governor Laurence H. Meyer,UST,16,11,1 Mo,y_bl,0.16802875727837815
"(1997, 1)",0.02384613737283403,10,speech,Governor Laurence H. Meyer,UST,16,11,1 Mo,y_probe,0.0011002555878007164
"(1997, 2)",-0.0073910166463893034,10,meeting minutes,,UST,16,82,1 Mo,y_bl,0.0030366934314220604
"(1997, 2)",-0.0073910166463893034,10,meeting minutes,,UST,16,82,1 Mo,y_probe,0.020533499533508564
"(1997, 3)",0.029241849594496383,10,meeting minutes,,UST,16,77,1 Mo,y_bl,-0.0037219927172518572
"(1997, 3)",0.029241849594496383,10,meeting minutes,,UST,16,77,1 Mo,y_probe,0.0018802545756510356
"(1997, 4)",0.021383566025322764,10,speech,Governor Laurence H. Meyer,UST,16,168,1 Mo,y_bl,0.27700893238101554
"(1997, 4)",0.021383566025322764,10,speech,Governor Laurence H. Meyer,UST,16,168,1 Mo,y_probe,0.019876876858630033
"(1997, 5)",-0.02186144771088394,10,meeting minutes,,UST,16,85,1 Mo,y_bl,-0.0029759501206374035
"(1997, 5)",-0.02186144771088394,10,speech,Chairman Alan Greenspan,UST,16,61,1 Mo,y_bl,-0.0029759501206374035
"(1997, 5)",-0.02186144771088394,10,meeting minutes,,UST,16,85,1 Mo,y_probe,-0.00033518915779783356
"(1997, 5)",-0.02186144771088394,10,speech,Chairman Alan Greenspan,UST,16,61,1 Mo,y_probe,0.0234564747171864
"(1997, 7)",-0.01990532224880992,10,meeting minutes,,UST,16,116,1 Mo,y_bl,-0.017261095462849943
"(1997, 7)",-0.01990532224880992,10,meeting minutes,,UST,16,116,1 Mo,y_probe,0.0038068534342932656
"(1997, 8)",-0.040515668893719894,10,meeting minutes,,UST,16,74,1 Mo,y_bl,-0.013241718413827026
"(1997, 8)",-0.040515668893719894,10,meeting minutes,,UST,16,74,1 Mo,y_probe,0.03324092856296883
"(1997, 9)",-0.005798144987579482,10,meeting minutes,,UST,16,72,1 Mo,y_bl,0.0006897036781851077
"(1997, 9)",-0.005798144987579482,10,speech,Chairman Alan Greenspan,UST,16,83,1 Mo,y_bl,0.0006897036781851077
"(1997, 9)",-0.005798144987579482,10,speech,Governor Laurence H. Meyer,UST,16,127,1 Mo,y_bl,0.0006897036781851077
"(1997, 9)",-0.005798144987579482,10,meeting minutes,,UST,16,72,1 Mo,y_probe,0.034570694105271235
"(1997, 9)",-0.005798144987579482,10,speech,Chairman Alan Greenspan,UST,16,83,1 Mo,y_probe,-0.013036601500108432
"(1997, 9)",-0.005798144987579482,10,speech,Governor Laurence H. Meyer,UST,16,127,1 Mo,y_probe,0.0436912165241499
"(1997, 10)",-0.008236547093297242,10,speech,Governor Laurence H. Meyer,UST,16,135,1 Mo,y_bl,0.3744468089319008
"(1997, 10)",-0.008236547093297242,10,speech,Governor Laurence H. Meyer,UST,16,135,1 Mo,y_probe,-0.000319020010512491
"(1997, 11)",-0.04607645829783902,10,meeting minutes,,UST,16,76,1 Mo,y_bl,-0.010862604583164919
"(1997, 11)",-0.04607645829783902,10,speech,Chairman Alan Greenspan,UST,16,83,1 Mo,y_bl,-0.010862604583164919
"(1997, 11)",-0.04607645829783902,10,meeting minutes,,UST,16,76,1 Mo,y_probe,0.002079762647476869
"(1997, 11)",-0.04607645829783902,10,speech,Chairman Alan Greenspan,UST,16,83,1 Mo,y_probe,-0.002506208737471142
"(1997, 12)",-0.025645991046535716,10,meeting minutes,,UST,16,73,1 Mo,y_bl,0.002983698068586963
"(1997, 12)",-0.025645991046535716,10,speech,Chairman Alan Greenspan,UST,16,39,1 Mo,y_bl,0.002983698068586963
"(1997, 12)",-0.025645991046535716,10,meeting minutes,,UST,16,73,1 Mo,y_probe,0.010586810582640499
"(1997, 12)",-0.025645991046535716,10,speech,Chairman Alan Greenspan,UST,16,39,1 Mo,y_probe,-0.027531995674937786
"(1998, 1)",-0.033940671686584045,10,speech,Chairman Alan Greenspan,UST,16,14,1 Mo,y_bl,0.004803697052177455
"(1998, 1)",-0.033940671686584045,10,speech,Governor Laurence H. Meyer,UST,16,135,1 Mo,y_bl,0.004803697052177455
"(1998, 1)",-0.033940671686584045,10,speech,Chairman Alan Greenspan,UST,16,14,1 Mo,y_probe,-0.036450727806287005
"(1998, 1)",-0.033940671686584045,10,speech,Governor Laurence H. Meyer,UST,16,135,1 Mo,y_probe,0.025864884474427
"(1998, 2)",0.012969186206129413,10,meeting minutes,,UST,16,85,1 Mo,y_bl,0.003330564232440939
"(1998, 2)",0.012969186206129413,10,meeting minutes,,UST,16,85,1 Mo,y_probe,0.002641559902828475
"(1998, 3)",0.008300686535488825,10,meeting minutes,,UST,16,84,1 Mo,y_bl,-0.015870316824004194
"(1998, 3)",0.008300686535488825,10,speech,Governor Laurence H. Meyer,UST,16,176,1 Mo,y_bl,-0.015870316824004194
"(1998, 3)",0.008300686535488825,10,meeting minutes,,UST,16,84,1 Mo,y_probe,0.003775851246457914
"(1998, 3)",0.008300686535488825,10,speech,Governor Laurence H. Meyer,UST,16,176,1 Mo,y_probe,0.015906940401475042
"(1998, 4)",-0.0032281606707242894,10,speech,Governor Laurence H. Meyer,UST,16,67,1 Mo,y_bl,-0.16259389410489422
"(1998, 4)",-0.0032281606707242894,10,speech,Governor Laurence H. Meyer,UST,16,67,1 Mo,y_probe,0.0406368087546949
"(1998, 5)",0.003384097984241663,10,meeting minutes,,UST,16,94,1 Mo,y_bl,-0.015579214165682254
"(1998, 5)",0.003384097984241663,10,meeting minutes,,UST,16,94,1 Mo,y_probe,0.012235938734195423
"(1998, 6)",-0.04668090373756497,10,meeting minutes,,UST,16,111,1 Mo,y_bl,-0.011482170715442658
"(1998, 6)",-0.04668090373756497,10,meeting minutes,,UST,16,111,1 Mo,y_probe,0.026259026699463728
"(1998, 7)",-0.0035461030067485133,10,speech,"Governor Roger W. Ferguson, Jr.",UST,16,81,1 Mo,y_bl,-0.14135468296489515
"(1998, 7)",-0.0035461030067485133,10,speech,"Governor Roger W. Ferguson, Jr.",UST,16,81,1 Mo,y_probe,-0.006207099065262284
"(1998, 8)",-0.012511333889107634,10,meeting minutes,,UST,16,81,1 Mo,y_bl,-0.007873218903698534
"(1998, 8)",-0.012511333889107634,10,meeting minutes,,UST,16,81,1 Mo,y_probe,0.009754340185455285
"(1998, 9)",-0.07660139358684652,10,meeting minutes,,UST,16,80,1 Mo,y_bl,-0.001991400928437026
"(1998, 9)",-0.07660139358684652,10,meeting minutes,,UST,16,80,1 Mo,y_probe,0.004707612905279853
"(1998, 10)",-0.06001800972625157,10,speech,Governor Laurence H. Meyer,UST,16,100,1 Mo,y_bl,-0.158998915891228
"(1998, 10)",-0.06001800972625157,10,speech,Governor Laurence H. Meyer,UST,16,100,1 Mo,y_probe,-0.007983011575530361
"(1998, 11)",0.0849473927687769,10,meeting minutes,,UST,16,82,1 Mo,y_bl,0.0010150782312556821
"(1998, 11)",0.0849473927687769,10,meeting minutes,,UST,16,82,1 Mo,y_probe,-0.012991908755472716
"(1998, 12)",-0.040585280115076276,10,meeting minutes,,UST,16,72,1 Mo,y_bl,-0.009688811134951686
"(1998, 12)",-0.040585280115076276,10,meeting minutes,,UST,16,72,1 Mo,y_probe,-0.010443997059121366
"(1999, 1)",1.1102230246251565e-15,10,speech,"Governor Roger W. Ferguson, Jr.",UST,16,51,1 Mo,y_bl,-0.0799136111625334
"(1999, 1)",1.1102230246251565e-15,10,speech,"Governor Roger W. Ferguson, Jr.",UST,16,51,1 Mo,y_probe,0.028828875677043814
"(1999, 2)",0.05474812420961815,10,meeting minutes,,UST,16,89,1 Mo,y_bl,-0.0017675408496148274
"(1999, 2)",0.05474812420961815,10,speech,Governor Laurence H. Meyer,UST,16,98,1 Mo,y_bl,-0.0017675408496148274
"(1999, 2)",0.05474812420961815,10,meeting minutes,,UST,16,89,1 Mo,y_probe,0.015940320058934435
"(1999, 2)",0.05474812420961815,10,speech,Governor Laurence H. Meyer,UST,16,98,1 Mo,y_probe,0.027429500081309677
"(1999, 3)",0.053120666833562424,10,meeting minutes,,UST,16,80,1 Mo,y_bl,0.00018057926324293236
"(1999, 3)",0.053120666833562424,10,meeting minutes,,UST,16,80,1 Mo,y_probe,0.005921309430233919
"(1999, 4)",-0.026907452919922914,10,speech,Governor Laurence H. Meyer,UST,16,99,1 Mo,y_bl,-0.012373824172068545
"(1999, 4)",-0.026907452919922914,10,speech,Governor Laurence H. Meyer,UST,16,99,1 Mo,y_probe,-0.0039393447804666635
"(1999, 5)",0.06695276507976004,10,meeting minutes,,UST,16,72,1 Mo,y_bl,-0.03158333277740172
"(1999, 5)",0.06695276507976004,10,speech,Vice Chair Alice M. Rivlin,UST,16,41,1 Mo,y_bl,-0.03158333277740172
"(1999, 5)",0.06695276507976004,10,meeting minutes,,UST,16,72,1 Mo,y_probe,0.021552692040206788
"(1999, 5)",0.06695276507976004,10,speech,Vice Chair Alice M. Rivlin,UST,16,41,1 Mo,y_probe,0.0523995615074674
"(1999, 6)",0.03216596607141805,10,meeting minutes,,UST,16,112,1 Mo,y_bl,-0.019563811977280805
"(1999, 6)",0.03216596607141805,10,speech,"Governor Roger W. Ferguson, Jr.",UST,16,56,1 Mo,y_bl,-0.019563811977280805
"(1999, 6)",0.03216596607141805,10,meeting minutes,,UST,16,112,1 Mo,y_probe,0.01833295200624933
"(1999, 6)",0.03216596607141805,10,speech,"Governor Roger W. Ferguson, Jr.",UST,16,56,1 Mo,y_probe,0.042972970303661914
"(1999, 8)",-0.019779640378038456,10,meeting minutes,,UST,16,82,1 Mo,y_bl,-0.0005384175161014423
"(1999, 8)",-0.019779640378038456,10,speech,Chairman Alan Greenspan,UST,16,28,1 Mo,y_bl,-0.0005384175161014423
"(1999, 8)",-0.019779640378038456,10,meeting minutes,,UST,16,82,1 Mo,y_probe,0.030052909040599717
"(1999, 8)",-0.019779640378038456,10,speech,Chairman Alan Greenspan,UST,16,28,1 Mo,y_probe,0.02009278408709522
"(1999, 9)",0.0194344956360475,10,speech,Governor Laurence H. Meyer,UST,16,135,1 Mo,y_bl,-0.008769583629015244
"(1999, 9)",0.0194344956360475,10,speech,"Governor Roger W. Ferguson, Jr.",UST,16,79,1 Mo,y_bl,-0.008769583629015244
"(1999, 9)",0.0194344956360475,10,speech,Governor Laurence H. Meyer,UST,16,135,1 Mo,y_probe,0.02363649829545511
"(1999, 9)",0.0194344956360475,10,speech,"Governor Roger W. Ferguson, Jr.",UST,16,79,1 Mo,y_probe,0.00016116349546802214
"(1999, 10)",0.02057987619904039,10,meeting minutes,,UST,16,76,1 Mo,y_bl,-0.004330770115019462
"(1999, 10)",0.02057987619904039,10,speech,Chairman Alan Greenspan,UST,16,53,1 Mo,y_bl,-0.004330770115019462
"(1999, 10)",0.02057987619904039,10,speech,Governor Laurence H. Meyer,UST,16,229,1 Mo,y_bl,-0.004330770115019462
"(1999, 10)",0.02057987619904039,10,meeting minutes,,UST,16,76,1 Mo,y_probe,0.0281110290918176
"(1999, 10)",0.02057987619904039,10,speech,Chairman Alan Greenspan,UST,16,53,1 Mo,y_probe,0.024219793564037386
"(1999, 10)",0.02057987619904039,10,speech,Governor Laurence H. Meyer,UST,16,229,1 Mo,y_probe,-0.02210251724201888
"(1999, 11)",-0.02029383462187931,10,meeting minutes,,UST,16,79,1 Mo,y_bl,0.01630558977866844
"(1999, 11)",-0.02029383462187931,10,speech,Chairman Alan Greenspan,UST,16,23,1 Mo,y_bl,0.01630558977866844
"(1999, 11)",-0.02029383462187931,10,meeting minutes,,UST,16,79,1 Mo,y_probe,0.02630453817944074
"(1999, 11)",-0.02029383462187931,10,speech,Chairman Alan Greenspan,UST,16,23,1 Mo,y_probe,-0.07535401365447916
"(1999, 12)",0.05854022735372322,10,meeting minutes,,UST,16,72,1 Mo,y_bl,0.0027139992835514813
"(1999, 12)",0.05854022735372322,10,meeting minutes,,UST,16,72,1 Mo,y_probe,0.02543967354449166
"(2000, 1)",0.04157698420655686,10,speech,Governor Edward M. Gramlich,UST,16,161,1 Mo,y_bl,-0.009810158770078405
"(2000, 1)",0.04157698420655686,10,speech,Governor Laurence H. Meyer,UST,16,83,1 Mo,y_bl,-0.009810158770078405
"(2000, 1)",0.04157698420655686,10,speech,Governor Edward M. Gramlich,UST,16,161,1 Mo,y_probe,0.0374076066763441
"(2000, 1)",0.04157698420655686,10,speech,Governor Laurence H. Meyer,UST,16,83,1 Mo,y_probe,0.013395306591589584
"(2000, 2)",-0.06775796559934552,10,meeting minutes,,UST,16,98,1 Mo,y_bl,-0.0005947630899711178
"(2000, 2)",-0.06775796559934552,10,speech,Governor Laurence H. Meyer,UST,16,77,1 Mo,y_bl,-0.0005947630899711178
"(2000, 2)",-0.06775796559934552,10,meeting minutes,,UST,16,98,1 Mo,y_probe,0.026449925500006626
"(2000, 2)",-0.06775796559934552,10,speech,Governor Laurence H. Meyer,UST,16,77,1 Mo,y_probe,-0.006520385216066653
"(2000, 3)",-0.03147501004445824,10,meeting minutes,,UST,16,62,1 Mo,y_bl,0.009849213028724782
"(2000, 3)",-0.03147501004445824,10,speech,Governor Laurence H. Meyer,UST,16,84,1 Mo,y_bl,0.009849213028724782
"(2000, 3)",-0.03147501004445824,10,meeting minutes,,UST,16,62,1 Mo,y_probe,0.02372567218990718
"(2000, 3)",-0.03147501004445824,10,speech,Governor Laurence H. Meyer,UST,16,84,1 Mo,y_probe,-0.00877037260860458
"(2000, 4)",-0.05462695309848794,10,speech,Chairman Alan Greenspan,UST,16,22,1 Mo,y_bl,-0.023592079842724014
"(2000, 4)",-0.05462695309848794,10,speech,Governor Laurence H. Meyer,UST,16,135,1 Mo,y_bl,-0.023592079842724014
"(2000, 4)",-0.05462695309848794,10,speech,Chairman Alan Greenspan,UST,16,22,1 Mo,y_probe,-0.0039344292177158355
"(2000, 4)",-0.05462695309848794,10,speech,Governor Laurence H. Meyer,UST,16,135,1 Mo,y_probe,0.018996877102634584
"(2000, 5)",0.06897148790268796,10,meeting minutes,,UST,16,67,1 Mo,y_bl,0.002672349571929548
"(2000, 5)",0.06897148790268796,10,meeting minutes,,UST,16,67,1 Mo,y_probe,0.053645461442907855
"(2000, 6)",-0.040742086488524856,10,meeting minutes,,UST,16,74,1 Mo,y_bl,-0.031239401791160467
"(2000, 6)",-0.040742086488524856,10,speech,Governor Laurence H. Meyer,UST,16,142,1 Mo,y_bl,-0.031239401791160467
"(2000, 6)",-0.040742086488524856,10,meeting minutes,,UST,16,74,1 Mo,y_probe,0.028120519115475574
"(2000, 6)",-0.040742086488524856,10,speech,Governor Laurence H. Meyer,UST,16,142,1 Mo,y_probe,0.03449421037552082
"(2000, 8)",-0.036742855231497895,10,meeting minutes,,UST,16,78,1 Mo,y_bl,-0.01427219433896104
"(2000, 8)",-0.036742855231497895,10,meeting minutes,,UST,16,78,1 Mo,y_probe,0.019453204315838874
"(2000, 10)",0.009146047767068262,10,meeting minutes,,UST,16,65,1 Mo,y_bl,0.012555346349068785
"(2000, 10)",0.009146047767068262,10,speech,Chairman Alan Greenspan,UST,16,57,1 Mo,y_bl,0.012555346349068785
"(2000, 10)",0.009146047767068262,10,speech,Governor Laurence H. Meyer,UST,16,346,1 Mo,y_bl,0.012555346349068785
"(2000, 10)",0.009146047767068262,10,meeting minutes,,UST,16,65,1 Mo,y_probe,-0.012949956908671598
"(2000, 10)",0.009146047767068262,10,speech,Chairman Alan Greenspan,UST,16,57,1 Mo,y_probe,0.04273376420959393
"(2000, 10)",0.009146047767068262,10,speech,Governor Laurence H. Meyer,UST,16,346,1 Mo,y_probe,0.0041827397966975955
"(2000, 11)",0.008123881493609098,10,meeting minutes,,UST,16,77,1 Mo,y_bl,-0.02556481124235391
"(2000, 11)",0.008123881493609098,10,meeting minutes,,UST,16,77,1 Mo,y_probe,-0.005290213038680258
"(2000, 12)",-0.053589022016680636,10,meeting minutes,,UST,16,70,1 Mo,y_bl,-0.004366510164914963
"(2000, 12)",-0.053589022016680636,10,speech,Chairman Alan Greenspan,UST,16,1,1 Mo,y_bl,-0.004366510164914963
"(2000, 12)",-0.053589022016680636,10,speech,"Vice Chairman Roger W. Ferguson, Jr.",UST,16,57,1 Mo,y_bl,-0.004366510164914963
"(2000, 12)",-0.053589022016680636,10,meeting minutes,,UST,16,70,1 Mo,y_probe,-0.03679379980629259
"(2000, 12)",-0.053589022016680636,10,speech,Chairman Alan Greenspan,UST,16,1,1 Mo,y_probe,-0.036688377167495595
"(2000, 12)",-0.053589022016680636,10,speech,"Vice Chairman Roger W. Ferguson, Jr.",UST,16,57,1 Mo,y_probe,-0.008077609126723671
"(2001, 1)",0.014896858279086267,10,meeting minutes,,UST,16,65,1 Mo,y_bl,0.0017768228472292607
"(2001, 1)",0.014896858279086267,10,meeting minutes,,UST,16,65,1 Mo,y_probe,-0.032059536028967876
"(2001, 2)",-0.023530497410193234,10,speech,Governor Edward M. Gramlich,UST,16,124,1 Mo,y_bl,-0.000970391366824678
"(2001, 2)",-0.023530497410193234,10,speech,Governor Edward M. Gramlich,UST,16,124,1 Mo,y_probe,0.007415906759811069
"(2001, 3)",-0.029741969198738172,10,meeting minutes,,UST,16,47,1 Mo,y_bl,-0.01933961584492223
"(2001, 3)",-0.029741969198738172,10,meeting minutes,,UST,16,47,1 Mo,y_probe,-0.02294137540118291
"(2001, 5)",0.09141686464071243,10,meeting minutes,,UST,16,66,1 Mo,y_bl,0.006033508468701606
"(2001, 5)",0.09141686464071243,10,speech,Governor Laurence H. Meyer,UST,16,59,1 Mo,y_bl,0.006033508468701606
"(2001, 5)",0.09141686464071243,10,meeting minutes,,UST,16,66,1 Mo,y_probe,-0.05491820654381041
"(2001, 5)",0.09141686464071243,10,speech,Governor Laurence H. Meyer,UST,16,59,1 Mo,y_probe,-0.007028034842708682
"(2001, 6)",-0.02679074549809366,10,meeting minutes,,UST,16,78,1 Mo,y_bl,-0.014510849962932977
"(2001, 6)",-0.02679074549809366,10,speech,"Vice Chairman Roger W. Ferguson, Jr.",UST,16,52,1 Mo,y_bl,-0.014510849962932977
"(2001, 6)",-0.02679074549809366,10,meeting minutes,,UST,16,78,1 Mo,y_probe,-0.05201858350107651
"(2001, 6)",-0.02679074549809366,10,speech,"Vice Chairman Roger W. Ferguson, Jr.",UST,16,52,1 Mo,y_probe,-0.0037151484791670955
"(2001, 7)",-0.011383972104388462,10,speech,Governor Laurence H. Meyer,UST,16,259,1 Mo,y_bl,0.00370657901616831
"(2001, 7)",-0.011383972104388462,10,speech,Governor Laurence H. Meyer,UST,16,259,1 Mo,y_probe,-0.010147571733373932
"(2001, 8)",-0.47971069809737116,10,meeting minutes,,UST,16,52,1 Mo,y_bl,-0.021309897078052625
"(2001, 8)",-0.47971069809737116,10,meeting minutes,,UST,16,52,1 Mo,y_probe,-0.05382507635615831
"(2001, 10)",-0.4139903383912234,10,meeting minutes,,UST,16,56,1 Mo,y_bl,0.0672434259507563
"(2001, 10)",-0.4139903383912234,10,speech,Chairman Alan Greenspan,UST,16,25,1 Mo,y_bl,0.0672434259507563
"(2001, 10)",-0.4139903383912234,10,speech,Governor Laurence H. Meyer,UST,16,28,1 Mo,y_bl,0.0672434259507563
"(2001, 10)",-0.4139903383912234,10,meeting minutes,,UST,16,56,1 Mo,y_probe,-0.10025305894832338
"(2001, 10)",-0.4139903383912234,10,speech,Chairman Alan Greenspan,UST,16,25,1 Mo,y_probe,-0.04869475069471251
"(2001, 10)",-0.4139903383912234,10,speech,Governor Laurence H. Meyer,UST,16,28,1 Mo,y_probe,-0.08918957579174859
"(2001, 11)",-0.175437693376861,10,meeting minutes,,UST,16,49,1 Mo,y_bl,0.05130143819293035
"(2001, 11)",-0.175437693376861,10,speech,Governor Edward M. Gramlich,UST,16,59,1 Mo,y_bl,0.05130143819293035
"(2001, 11)",-0.175437693376861,10,meeting minutes,,UST,16,49,1 Mo,y_probe,-0.08819411756495645
"(2001, 11)",-0.175437693376861,10,speech,Governor Edward M. Gramlich,UST,16,59,1 Mo,y_probe,-0.036352703636053335
"(2001, 12)",-0.10244169005403923,10,meeting minutes,,UST,16,58,1 Mo,y_bl,-0.0298915745231189
"(2001, 12)",-0.10244169005403923,10,speech,Governor Laurence H. Meyer,UST,16,118,1 Mo,y_bl,-0.0298915745231189
"(2001, 12)",-0.10244169005403923,10,meeting minutes,,UST,16,58,1 Mo,y_probe,-0.06027992677540602
"(2001, 12)",-0.10244169005403923,10,speech,Governor Laurence H. Meyer,UST,16,118,1 Mo,y_probe,-0.03678266133235876
"(2002, 1)",-0.019658441584737174,10,meeting minutes,,UST,16,69,1 Mo,y_bl,0.01774225869854575
"(2002, 1)",-0.019658441584737174,10,meeting minutes,,UST,16,69,1 Mo,y_probe,-0.04773721219483281
"(2002, 3)",0.06269859421556309,10,meeting minutes,,UST,16,56,1 Mo,y_bl,-0.009183486215000303
"(2002, 3)",0.06269859421556309,10,meeting minutes,,UST,16,56,1 Mo,y_probe,-0.0037284281252313242
"(2002, 5)",-0.022347298691997253,10,meeting minutes,,UST,16,57,1 Mo,y_bl,-0.08082076540032825
"(2002, 5)",-0.022347298691997253,10,meeting minutes,,UST,16,57,1 Mo,y_probe,-0.03412950554494746
"(2002, 6)",-0.028655255760375864,10,meeting minutes,,UST,16,56,1 Mo,y_bl,-0.07246379269038107
"(2002, 6)",-0.028655255760375864,10,meeting minutes,,UST,16,56,1 Mo,y_probe,0.0014389951552273366
"(2002, 8)",-0.02353049741019362,10,meeting minutes,,UST,16,55,1 Mo,y_bl,-0.09422383081157219
"(2002, 8)",-0.02353049741019362,10,meeting minutes,,UST,16,55,1 Mo,y_probe,-0.03989459541675149
"(2002, 9)",-1.2212453270876722e-15,10,meeting minutes,,UST,16,57,1 Mo,y_bl,-0.03852761445525929
"(2002, 9)",-1.2212453270876722e-15,10,meeting minutes,,UST,16,57,1 Mo,y_probe,-0.01607421485024784
"(2002, 10)",-0.012472812338981705,10,speech,Chairman Alan Greenspan,UST,16,47,1 Mo,y_bl,-0.021462789981792827
"(2002, 10)",-0.012472812338981705,10,speech,Governor Ben S. Bernanke,UST,16,107,1 Mo,y_bl,-0.021462789981792827
"(2002, 10)",-0.012472812338981705,10,speech,"Vice Chairman Roger W. Ferguson, Jr.",UST,16,55,1 Mo,y_bl,-0.021462789981792827
"(2002, 10)",-0.012472812338981705,10,speech,Chairman Alan Greenspan,UST,16,47,1 Mo,y_probe,0.015715907907438733
"(2002, 10)",-0.012472812338981705,10,speech,Governor Ben S. Bernanke,UST,16,107,1 Mo,y_probe,-0.045343260667492544
"(2002, 10)",-0.012472812338981705,10,speech,"Vice Chairman Roger W. Ferguson, Jr.",UST,16,55,1 Mo,y_probe,0.008940052468463484
"(2002, 11)",-0.2940404069722198,10,meeting minutes,,UST,16,55,1 Mo,y_bl,0.06630269393000755
"(2002, 11)",-0.2940404069722198,10,speech,Governor Donald L. Kohn,UST,16,29,1 Mo,y_bl,0.06630269393000755
"(2002, 11)",-0.2940404069722198,10,meeting minutes,,UST,16,55,1 Mo,y_probe,-0.07466603742906848
"(2002, 11)",-0.2940404069722198,10,speech,Governor Donald L. Kohn,UST,16,29,1 Mo,y_probe,-0.02058157735576056
"(2002, 12)",-0.024594651997599613,10,meeting minutes,,UST,16,50,1 Mo,y_bl,0.09357417987944566
"(2002, 12)",-0.024594651997599613,10,speech,Chairman Alan Greenspan,UST,16,70,1 Mo,y_bl,0.09357417987944566
"(2002, 12)",-0.024594651997599613,10,meeting minutes,,UST,16,50,1 Mo,y_probe,-0.05604191047322502
"(2002, 12)",-0.024594651997599613,10,speech,Chairman Alan Greenspan,UST,16,70,1 Mo,y_probe,-0.04419192785643855
"(2003, 1)",-0.02234729869199513,10,meeting minutes,,UST,16,48,1 Mo,y_bl,0.031727898237677625
"(2003, 1)",-0.02234729869199513,10,meeting minutes,,UST,16,48,1 Mo,y_probe,-0.04573142517607002
"(2003, 2)",-0.011422189562805102,10,speech,Governor Ben S. Bernanke,UST,16,147,1 Mo,y_bl,0.0060985571573782685
"(2003, 2)",-0.011422189562805102,10,speech,"Vice Chairman Roger W. Ferguson, Jr",UST,16,73,1 Mo,y_bl,0.0060985571573782685
"(2003, 2)",-0.011422189562805102,10,speech,Governor Ben S. Bernanke,UST,16,147,1 Mo,y_probe,-0.020748964704112374
"(2003, 2)",-0.011422189562805102,10,speech,"Vice Chairman Roger W. Ferguson, Jr",UST,16,73,1 Mo,y_probe,0.0037291406946166577
"(2003, 3)",0.022626069617972245,10,meeting minutes,,UST,16,48,1 Mo,y_bl,-0.014956709447116558
"(2003, 3)",0.022626069617972245,10,speech,Governor Ben S. Bernanke,UST,16,115,1 Mo,y_bl,-0.014956709447116558
"(2003, 3)",0.022626069617972245,10,speech,Governor Donald L. Kohn,UST,16,130,1 Mo,y_bl,-0.014956709447116558
"(2003, 3)",0.022626069617972245,10,meeting minutes,,UST,16,48,1 Mo,y_probe,-0.02533152306143574
"(2003, 3)",0.022626069617972245,10,speech,Governor Ben S. Bernanke,UST,16,115,1 Mo,y_probe,-0.011887367208456968
"(2003, 3)",0.022626069617972245,10,speech,Governor Donald L. Kohn,UST,16,130,1 Mo,y_probe,0.028035334540402763
"(2003, 5)",-0.07499957487698972,10,meeting minutes,,UST,16,60,1 Mo,y_bl,0.0036607026723287387
"(2003, 5)",-0.07499957487698972,10,speech,Governor Mark W. Olson,UST,16,46,1 Mo,y_bl,0.0036607026723287387
"(2003, 5)",-0.07499957487698972,10,meeting minutes,,UST,16,60,1 Mo,y_probe,-0.02789141991451078
"(2003, 5)",-0.07499957487698972,10,speech,Governor Mark W. Olson,UST,16,46,1 Mo,y_probe,0.0012183342365487012
"(2003, 6)",-0.18535904995717137,10,meeting minutes,,UST,16,65,1 Mo,y_bl,-0.021894643481565137
"(2003, 6)",-0.18535904995717137,10,meeting minutes,,UST,16,65,1 Mo,y_probe,-0.030407039355731476
"(2003, 7)",-0.02197890671877666,10,speech,Governor Ben S. Bernanke,UST,16,156,1 Mo,y_bl,0.004911826181170752
"(2003, 7)",-0.02197890671877666,10,speech,Governor Ben S. Bernanke,UST,16,156,1 Mo,y_probe,-0.01633180557346416
"(2003, 8)",0.04459105899590438,10,meeting minutes,,UST,16,55,1 Mo,y_bl,-0.014534161805780876
"(2003, 8)",0.04459105899590438,10,speech,Chairman Alan Greenspan,UST,16,16,1 Mo,y_bl,-0.014534161805780876
"(2003, 8)",0.04459105899590438,10,meeting minutes,,UST,16,55,1 Mo,y_probe,-0.009367318282556795
"(2003, 8)",0.04459105899590438,10,speech,Chairman Alan Greenspan,UST,16,16,1 Mo,y_probe,0.007658707470256182
"(2003, 9)",-0.048270118692303736,10,meeting minutes,,UST,16,55,1 Mo,y_bl,-0.01894334445922462
"(2003, 9)",-0.048270118692303736,10,speech,Governor Donald L. Kohn,UST,16,103,1 Mo,y_bl,-0.01894334445922462
"(2003, 9)",-0.048270118692303736,10,meeting minutes,,UST,16,55,1 Mo,y_probe,-0.03399127744857461
"(2003, 9)",-0.048270118692303736,10,speech,Governor Donald L. Kohn,UST,16,103,1 Mo,y_probe,0.0017617191304999773
"(2003, 10)",-0.00346203215064689,10,meeting minutes,,UST,16,52,1 Mo,y_bl,-0.04798239234684105
"(2003, 10)",-0.00346203215064689,10,speech,Governor Ben S. Bernanke,UST,16,100,1 Mo,y_bl,-0.04798239234684105
"(2003, 10)",-0.00346203215064689,10,speech,Governor Edward M. Gramlich,UST,16,59,1 Mo,y_bl,-0.04798239234684105
"(2003, 10)",-0.00346203215064689,10,meeting minutes,,UST,16,52,1 Mo,y_probe,-0.03183741925829269
"(2003, 10)",-0.00346203215064689,10,speech,Governor Ben S. Bernanke,UST,16,100,1 Mo,y_probe,-0.03764299350666825
"(2003, 10)",-0.00346203215064689,10,speech,Governor Edward M. Gramlich,UST,16,59,1 Mo,y_probe,0.03795522158974837
"(2003, 12)",0.038175547863975555,10,meeting minutes,,UST,16,61,1 Mo,y_bl,0.030050910482771243
"(2003, 12)",0.038175547863975555,10,meeting minutes,,UST,16,61,1 Mo,y_probe,-0.00012507119837472722
"(2004, 1)",-0.04396312342111587,10,meeting minutes,,UST,16,65,1 Mo,y_bl,0.0038553205007501616
"(2004, 1)",-0.04396312342111587,10,meeting minutes,,UST,16,65,1 Mo,y_probe,-0.01063531091251819
"(2004, 2)",0.07571182173569577,10,speech,Governor Edward M. Gramlich,UST,16,90,1 Mo,y_bl,-0.006730649892726419
"(2004, 2)",0.07571182173569577,10,speech,Governor Edward M. Gramlich,UST,16,90,1 Mo,y_probe,-0.02007767882588166
"(2004, 3)",-0.0009899190013303507,10,meeting minutes,,UST,16,76,1 Mo,y_bl,-0.013667999973784279
"(2004, 3)",-0.0009899190013303507,10,speech,Governor Donald L. Kohn,UST,16,91,1 Mo,y_bl,-0.013667999973784279
"(2004, 3)",-0.0009899190013303507,10,meeting minutes,,UST,16,76,1 Mo,y_probe,0.012221010649414011
"(2004, 3)",-0.0009899190013303507,10,speech,Governor Donald L. Kohn,UST,16,91,1 Mo,y_probe,0.03306053921207628
"(2004, 4)",-0.08763073242464729,10,speech,Governor Ben S. Bernanke,UST,16,252,1 Mo,y_bl,-0.011607228811096435
"(2004, 4)",-0.08763073242464729,10,speech,Governor Donald L. Kohn,UST,16,58,1 Mo,y_bl,-0.011607228811096435
"(2004, 4)",-0.08763073242464729,10,speech,Governor Ben S. Bernanke,UST,16,252,1 Mo,y_probe,0.006610669360393574
"(2004, 4)",-0.08763073242464729,10,speech,Governor Donald L. Kohn,UST,16,58,1 Mo,y_probe,-0.03091027286786136
"(2004, 5)",0.05264350618111427,10,meeting minutes,,UST,16,76,1 Mo,y_bl,-0.006634003899083095
"(2004, 5)",0.05264350618111427,10,speech,Governor Mark W. Olson,UST,16,6,1 Mo,y_bl,-0.006634003899083095
"(2004, 5)",0.05264350618111427,10,meeting minutes,,UST,16,76,1 Mo,y_probe,0.02601261562349084
"(2004, 5)",0.05264350618111427,10,speech,Governor Mark W. Olson,UST,16,6,1 Mo,y_probe,0.057249391695277735
"(2004, 6)",0.12387846884419142,10,meeting minutes,,UST,16,77,1 Mo,y_bl,-0.04500005771150853
"(2004, 6)",0.12387846884419142,10,speech,Governor Donald L. Kohn,UST,16,118,1 Mo,y_bl,-0.04500005771150853
"(2004, 6)",0.12387846884419142,10,speech,Governor Edward M. Gramlich,UST,16,49,1 Mo,y_bl,-0.04500005771150853
"(2004, 6)",0.12387846884419142,10,meeting minutes,,UST,16,77,1 Mo,y_probe,0.03522303525090998
"(2004, 6)",0.12387846884419142,10,speech,Governor Donald L. Kohn,UST,16,118,1 Mo,y_probe,0.055573183037339685
"(2004, 6)",0.12387846884419142,10,speech,Governor Edward M. Gramlich,UST,16,49,1 Mo,y_probe,0.04235506110108908
"(2004, 7)",0.09546211333546963,10,speech,"Vice Chairman Roger W. Ferguson, Jr.",UST,16,18,1 Mo,y_bl,-0.012708273371177671
"(2004, 7)",0.09546211333546963,10,speech,"Vice Chairman Roger W. Ferguson, Jr.",UST,16,18,1 Mo,y_probe,-0.005714453952030638
"(2004, 8)",0.20223686649489625,10,meeting minutes,,UST,16,72,1 Mo,y_bl,0.009841910176350478
"(2004, 8)",0.20223686649489625,10,meeting minutes,,UST,16,72,1 Mo,y_probe,0.010022133419420898
"(2004, 9)",0.10788410032105561,10,meeting minutes,,UST,16,62,1 Mo,y_bl,-0.007375136361281713
"(2004, 9)",0.10788410032105561,10,speech,Governor Edward M. Gramlich,UST,16,73,1 Mo,y_bl,-0.007375136361281713
"(2004, 9)",0.10788410032105561,10,meeting minutes,,UST,16,62,1 Mo,y_probe,0.02623753425246591
"(2004, 9)",0.10788410032105561,10,speech,Governor Edward M. Gramlich,UST,16,73,1 Mo,y_probe,0.018914431280765857
"(2004, 10)",0.02827351460410355,10,speech,Chairman Alan Greenspan,UST,16,16,1 Mo,y_bl,-0.012897121449386593
"(2004, 10)",0.02827351460410355,10,speech,Governor Ben S. Bernanke,UST,16,33,1 Mo,y_bl,-0.012897121449386593
"(2004, 10)",0.02827351460410355,10,speech,"Vice Chairman Roger W. Ferguson, Jr.",UST,16,34,1 Mo,y_bl,-0.012897121449386593
"(2004, 10)",0.02827351460410355,10,speech,Chairman Alan Greenspan,UST,16,16,1 Mo,y_probe,-0.03381787460315172
"(2004, 10)",0.02827351460410355,10,speech,Governor Ben S. Bernanke,UST,16,33,1 Mo,y_probe,0.008247668120208137
"(2004, 10)",0.02827351460410355,10,speech,"Vice Chairman Roger W. Ferguson, Jr.",UST,16,34,1 Mo,y_probe,0.05173594918981645
"(2004, 11)",0.14291353249166067,10,meeting minutes,,UST,16,53,1 Mo,y_bl,-0.023243252746862016
"(2004, 11)",0.14291353249166067,10,meeting minutes,,UST,16,53,1 Mo,y_probe,0.050696145635150264
"(2004, 12)",0.07653032650014574,10,meeting minutes,,UST,16,74,1 Mo,y_bl,-0.0007439972817958458
"(2004, 12)",0.07653032650014574,10,speech,Governor Ben S. Bernanke,UST,16,48,1 Mo,y_bl,-0.0007439972817958458
"(2004, 12)",0.07653032650014574,10,meeting minutes,,UST,16,74,1 Mo,y_probe,0.06384301776260333
"(2004, 12)",0.07653032650014574,10,speech,Governor Ben S. Bernanke,UST,16,48,1 Mo,y_probe,0.0027276253415019695
"(2005, 1)",-0.020648404461711088,10,speech,Governor Ben S. Bernanke,UST,16,106,1 Mo,y_bl,-0.020837413899092785
"(2005, 1)",-0.020648404461711088,10,speech,"Vice Chairman Roger W. Ferguson, Jr.",UST,16,144,1 Mo,y_bl,-0.020837413899092785
"(2005, 1)",-0.020648404461711088,10,speech,Governor Ben S. Bernanke,UST,16,106,1 Mo,y_probe,-0.014155177725814662
"(2005, 1)",-0.020648404461711088,10,speech,"Vice Chairman Roger W. Ferguson, Jr.",UST,16,144,1 Mo,y_probe,-0.0895399921646571
"(2005, 2)",0.1468080615244582,10,meeting minutes,,UST,16,67,1 Mo,y_bl,-0.01700299132375815
"(2005, 2)",0.1468080615244582,10,speech,Governor Ben S. Bernanke,UST,16,108,1 Mo,y_bl,-0.01700299132375815
"(2005, 2)",0.1468080615244582,10,speech,Governor Susan Schmidt Bies,UST,16,13,1 Mo,y_bl,-0.01700299132375815
"(2005, 2)",0.1468080615244582,10,meeting minutes,,UST,16,67,1 Mo,y_probe,0.040387457271902065
"(2005, 2)",0.1468080615244582,10,speech,Governor Ben S. Bernanke,UST,16,108,1 Mo,y_probe,0.030176090270116057
"(2005, 2)",0.1468080615244582,10,speech,Governor Susan Schmidt Bies,UST,16,13,1 Mo,y_probe,-0.0005996862406963346
"(2005, 3)",0.15339756828215542,10,meeting minutes,,UST,16,81,1 Mo,y_bl,0.004896204385310399
"(2005, 3)",0.15339756828215542,10,speech,Governor Ben S. Bernanke,UST,16,142,1 Mo,y_bl,0.004896204385310399
"(2005, 3)",0.15339756828215542,10,meeting minutes,,UST,16,81,1 Mo,y_probe,0.025992652577690074
"(2005, 3)",0.15339756828215542,10,speech,Governor Ben S. Bernanke,UST,16,142,1 Mo,y_probe,-0.005171098162610644
"(2005, 4)",-0.019322386012121134,10,speech,Governor Ben S. Bernanke,UST,16,82,1 Mo,y_bl,0.015321171745615382
"(2005, 4)",-0.019322386012121134,10,speech,"Vice Chairman Roger W. Ferguson, Jr.",UST,16,88,1 Mo,y_bl,0.015321171745615382
"(2005, 4)",-0.019322386012121134,10,speech,Governor Ben S. Bernanke,UST,16,82,1 Mo,y_probe,-0.005022135172116701
"(2005, 4)",-0.019322386012121134,10,speech,"Vice Chairman Roger W. Ferguson, Jr.",UST,16,88,1 Mo,y_probe,-0.001593406361049849
"(2005, 5)",0.02858548138477434,10,meeting minutes,,UST,16,75,1 Mo,y_bl,0.014796251996162663
"(2005, 5)",0.02858548138477434,10,speech,Governor Donald L. Kohn,UST,16,79,1 Mo,y_bl,0.014796251996162663
"(2005, 5)",0.02858548138477434,10,speech,Governor Edward M. Gramlich,UST,16,96,1 Mo,y_bl,0.014796251996162663
"(2005, 5)",0.02858548138477434,10,speech,"Vice Chairman Roger W. Ferguson, Jr.",UST,16,58,1 Mo,y_bl,0.014796251996162663
"(2005, 5)",0.02858548138477434,10,meeting minutes,,UST,16,75,1 Mo,y_probe,0.026124913202429295
"(2005, 5)",0.02858548138477434,10,speech,Governor Donald L. Kohn,UST,16,79,1 Mo,y_probe,0.03731728139682766
"(2005, 5)",0.02858548138477434,10,speech,Governor Edward M. Gramlich,UST,16,96,1 Mo,y_probe,0.04825942773230755
"(2005, 5)",0.02858548138477434,10,speech,"Vice Chairman Roger W. Ferguson, Jr.",UST,16,58,1 Mo,y_probe,-0.04472871985436557
"(2005, 6)",0.09737872962811012,10,meeting minutes,,UST,16,78,1 Mo,y_bl,0.031048252927179172
"(2005, 6)",0.09737872962811012,10,meeting minutes,,UST,16,78,1 Mo,y_probe,0.02637589231155812
"(2005, 7)",0.04575961714946564,10,speech,Governor Donald L. Kohn,UST,16,6,1 Mo,y_bl,-0.00041629652259820486
"(2005, 7)",0.04575961714946564,10,speech,Governor Donald L. Kohn,UST,16,6,1 Mo,y_probe,-0.06565653578141933
"(2005, 8)",0.07387973981220874,10,meeting minutes,,UST,16,59,1 Mo,y_bl,0.018399714592232434
"(2005, 8)",0.07387973981220874,10,meeting minutes,,UST,16,59,1 Mo,y_probe,0.01805460100460165
"(2005, 9)",-0.04922899618799928,10,meeting minutes,,UST,16,64,1 Mo,y_bl,-0.02492392108755628
"(2005, 9)",-0.04922899618799928,10,speech,Governor Donald L. Kohn,UST,16,43,1 Mo,y_bl,-0.02492392108755628
"(2005, 9)",-0.04922899618799928,10,meeting minutes,,UST,16,64,1 Mo,y_probe,0.006829019866453909
"(2005, 9)",-0.04922899618799928,10,speech,Governor Donald L. Kohn,UST,16,43,1 Mo,y_probe,0.02280703589696486
"(2005, 10)",0.06055781943242344,10,speech,Governor Donald L. Kohn,UST,16,90,1 Mo,y_bl,-0.021030738319655167
"(2005, 10)",0.06055781943242344,10,speech,Governor Donald L. Kohn,UST,16,90,1 Mo,y_probe,0.0014399893568179105
"(2005, 11)",0.11934471575143206,10,meeting minutes,,UST,16,69,1 Mo,y_bl,0.014609296675636894
"(2005, 11)",0.11934471575143206,10,speech,Chairman Alan Greenspan,UST,16,28,1 Mo,y_bl,0.014609296675636894
"(2005, 11)",0.11934471575143206,10,speech,"Vice Chairman Roger W. Ferguson, Jr.",UST,16,87,1 Mo,y_bl,0.014609296675636894
"(2005, 11)",0.11934471575143206,10,meeting minutes,,UST,16,69,1 Mo,y_probe,-0.005237202955116927
"(2005, 11)",0.11934471575143206,10,speech,Chairman Alan Greenspan,UST,16,28,1 Mo,y_probe,0.004509937339584223
"(2005, 11)",0.11934471575143206,10,speech,"Vice Chairman Roger W. Ferguson, Jr.",UST,16,87,1 Mo,y_probe,0.02989534832472042
"(2005, 12)",-0.03273247868875477,10,meeting minutes,,UST,16,58,1 Mo,y_bl,-0.010859427228691959
"(2005, 12)",-0.03273247868875477,10,speech,Governor Mark W. Olson,UST,16,23,1 Mo,y_bl,-0.010859427228691959
"(2005, 12)",-0.03273247868875477,10,meeting minutes,,UST,16,58,1 Mo,y_probe,0.023550597662022336
"(2005, 12)",-0.03273247868875477,10,speech,Governor Mark W. Olson,UST,16,23,1 Mo,y_probe,-0.05053181688444014
"(2006, 1)",0.12736140622444192,10,meeting minutes,,UST,16,63,1 Mo,y_bl,-0.012782817342182841
"(2006, 1)",0.12736140622444192,10,speech,Governor Susan Schmidt Bies,UST,16,45,1 Mo,y_bl,-0.012782817342182841
"(2006, 1)",0.12736140622444192,10,meeting minutes,,UST,16,63,1 Mo,y_probe,0.022041889052063002
"(2006, 1)",0.12736140622444192,10,speech,Governor Susan Schmidt Bies,UST,16,45,1 Mo,y_probe,-0.01441719417007219
"(2006, 2)",0.05011126115299466,10,speech,Chairman Ben S. Bernanke,UST,16,103,1 Mo,y_bl,0.009658879205286125
"(2006, 2)",0.05011126115299466,10,speech,Chairman Ben S. Bernanke,UST,16,103,1 Mo,y_probe,-0.003143357252854612
"(2006, 3)",0.032831016420899424,10,meeting minutes,,UST,16,73,1 Mo,y_bl,0.009452272954456125
"(2006, 3)",0.032831016420899424,10,speech,Chairman Ben S. Bernanke,UST,16,29,1 Mo,y_bl,0.009452272954456125
"(2006, 3)",0.032831016420899424,10,speech,Governor Donald L. Kohn,UST,16,63,1 Mo,y_bl,0.009452272954456125
"(2006, 3)",0.032831016420899424,10,meeting minutes,,UST,16,73,1 Mo,y_probe,0.03604197368659367
"(2006, 3)",0.032831016420899424,10,speech,Chairman Ben S. Bernanke,UST,16,29,1 Mo,y_probe,-0.0003319561333923338
"(2006, 3)",0.032831016420899424,10,speech,Governor Donald L. Kohn,UST,16,63,1 Mo,y_probe,-0.02282525922881392
"(2006, 5)",0.019455333471260827,10,meeting minutes,,UST,16,84,1 Mo,y_bl,-0.04353076782859015
"(2006, 5)",0.019455333471260827,10,meeting minutes,,UST,16,84,1 Mo,y_probe,0.011239760206909198
"(2006, 6)",-0.001726139506434873,10,meeting minutes,,UST,16,78,1 Mo,y_bl,-0.0051893644350691935
"(2006, 6)",-0.001726139506434873,10,speech,Chairman Ben S. Bernanke,UST,16,37,1 Mo,y_bl,-0.0051893644350691935
"(2006, 6)",-0.001726139506434873,10,speech,Governor Donald L. Kohn,UST,16,59,1 Mo,y_bl,-0.0051893644350691935
"(2006, 6)",-0.001726139506434873,10,meeting minutes,,UST,16,78,1 Mo,y_probe,0.02476239038029848
"(2006, 6)",-0.001726139506434873,10,speech,Chairman Ben S. Bernanke,UST,16,37,1 Mo,y_probe,0.006856091286511272
"(2006, 6)",-0.001726139506434873,10,speech,Governor Donald L. Kohn,UST,16,59,1 Mo,y_probe,0.032146061192953705
"(2006, 7)",0.05360068309776822,10,speech,Governor Kevin Warsh,UST,16,11,1 Mo,y_bl,-0.0305587124475863
"(2006, 7)",0.05360068309776822,10,speech,Governor Kevin Warsh,UST,16,11,1 Mo,y_probe,-0.0693119871236164
"(2006, 8)",0.04339734467416739,10,meeting minutes,,UST,16,79,1 Mo,y_bl,-0.0005877875729013923
"(2006, 8)",0.04339734467416739,10,speech,Chairman Ben S. Bernanke,UST,16,62,1 Mo,y_bl,-0.0005877875729013923
"(2006, 8)",0.04339734467416739,10,meeting minutes,,UST,16,79,1 Mo,y_probe,0.01115264183641953
"(2006, 8)",0.04339734467416739,10,speech,Chairman Ben S. Bernanke,UST,16,62,1 Mo,y_probe,0.0026024940775860378
"(2006, 9)",-0.1005214002836977,10,meeting minutes,,UST,16,78,1 Mo,y_bl,-0.03241467129787524
"(2006, 9)",-0.1005214002836977,10,speech,Governor Randall S. Kroszner,UST,16,75,1 Mo,y_bl,-0.03241467129787524
"(2006, 9)",-0.1005214002836977,10,meeting minutes,,UST,16,78,1 Mo,y_probe,-0.017094024312705996
"(2006, 9)",-0.1005214002836977,10,speech,Governor Randall S. Kroszner,UST,16,75,1 Mo,y_probe,-0.03799369655394085
"(2006, 10)",0.09669207566438942,10,meeting minutes,,UST,16,81,1 Mo,y_bl,0.02808905617285899
"(2006, 10)",0.09669207566438942,10,meeting minutes,,UST,16,81,1 Mo,y_probe,-0.020414380789495413
"(2006, 11)",0.014105895501523542,10,speech,Chairman Ben S. Bernanke,UST,16,38,1 Mo,y_bl,-0.015212135176197199
"(2006, 11)",0.014105895501523542,10,speech,Governor Randall S. Kroszner,UST,16,94,1 Mo,y_bl,-0.015212135176197199
"(2006, 11)",0.014105895501523542,10,speech,Chairman Ben S. Bernanke,UST,16,38,1 Mo,y_probe,-0.03617211645435757
"(2006, 11)",0.014105895501523542,10,speech,Governor Randall S. Kroszner,UST,16,94,1 Mo,y_probe,0.018100192723763984
"(2006, 12)",-0.040180638395584764,10,meeting minutes,,UST,16,71,1 Mo,y_bl,-0.00832881823438672
"(2006, 12)",-0.040180638395584764,10,speech,Vice Chairman Donald L. Kohn,UST,16,50,1 Mo,y_bl,-0.00832881823438672
"(2006, 12)",-0.040180638395584764,10,meeting minutes,,UST,16,71,1 Mo,y_probe,-0.03657982034380667
"(2006, 12)",-0.040180638395584764,10,speech,Vice Chairman Donald L. Kohn,UST,16,50,1 Mo,y_probe,0.006148621542700401
"(2007, 1)",-0.0020969733674260915,10,meeting minutes,,UST,16,85,1 Mo,y_bl,-0.013454487194518487
"(2007, 1)",-0.0020969733674260915,10,meeting minutes,,UST,16,85,1 Mo,y_probe,-0.012912654108491864
"(2007, 3)",0.045129870977008615,10,meeting minutes,,UST,16,74,1 Mo,y_bl,0.014753668472794065
"(2007, 3)",0.045129870977008615,10,speech,Chairman Ben S. Bernanke,UST,16,96,1 Mo,y_bl,0.014753668472794065
"(2007, 3)",0.045129870977008615,10,speech,Governor Frederic S. Mishkin,UST,16,127,1 Mo,y_bl,0.014753668472794065
"(2007, 3)",0.045129870977008615,10,speech,Governor Randall S. Kroszner,UST,16,142,1 Mo,y_bl,0.014753668472794065
"(2007, 3)",0.045129870977008615,10,speech,Vice Chairman Donald L. Kohn,UST,16,21,1 Mo,y_bl,0.014753668472794065
"(2007, 3)",0.045129870977008615,10,meeting minutes,,UST,16,74,1 Mo,y_probe,-0.013640879872126185
"(2007, 3)",0.045129870977008615,10,speech,Chairman Ben S. Bernanke,UST,16,96,1 Mo,y_probe,-0.03400367842327045
"(2007, 3)",0.045129870977008615,10,speech,Governor Frederic S. Mishkin,UST,16,127,1 Mo,y_probe,0.027684868550469244
"(2007, 3)",0.045129870977008615,10,speech,Governor Randall S. Kroszner,UST,16,142,1 Mo,y_probe,0.018381245306376706
"(2007, 3)",0.045129870977008615,10,speech,Vice Chairman Donald L. Kohn,UST,16,21,1 Mo,y_probe,0.055479211020383945
"(2007, 4)",-0.045131304786610205,10,speech,Governor Frederic S. Mishkin,UST,16,44,1 Mo,y_bl,-0.14567630602863607
"(2007, 4)",-0.045131304786610205,10,speech,Governor Frederic S. Mishkin,UST,16,44,1 Mo,y_probe,-0.04462973114687761
"(2007, 5)",-0.05341661317678424,10,meeting minutes,,UST,16,77,1 Mo,y_bl,-0.038991625778067654
"(2007, 5)",-0.05341661317678424,10,speech,Governor Randall S. Kroszner,UST,16,78,1 Mo,y_bl,-0.038991625778067654
"(2007, 5)",-0.05341661317678424,10,meeting minutes,,UST,16,77,1 Mo,y_probe,-0.005069655252383686
"(2007, 5)",-0.05341661317678424,10,speech,Governor Randall S. Kroszner,UST,16,78,1 Mo,y_probe,0.0345901050067671
"(2007, 6)",-0.1499265362005999,10,meeting minutes,,UST,16,77,1 Mo,y_bl,-0.011788330737515047
"(2007, 6)",-0.1499265362005999,10,meeting minutes,,UST,16,77,1 Mo,y_probe,-0.005069655252383686
"(2007, 7)",0.1499401472909144,10,speech,Chairman Ben S. Bernanke,UST,16,112,1 Mo,y_bl,-0.0024397787058039605
"(2007, 7)",0.1499401472909144,10,speech,Chairman Ben S. Bernanke,UST,16,112,1 Mo,y_probe,0.03508969701224276
"(2007, 8)",-0.014494707088151176,10,meeting minutes,,UST,16,83,1 Mo,y_bl,0.030088846919689705
"(2007, 8)",-0.014494707088151176,10,speech,Chairman Ben S. Bernanke,UST,16,43,1 Mo,y_bl,0.030088846919689705
"(2007, 8)",-0.014494707088151176,10,meeting minutes,,UST,16,83,1 Mo,y_probe,-0.02626402143259932
"(2007, 8)",-0.014494707088151176,10,speech,Chairman Ben S. Bernanke,UST,16,43,1 Mo,y_probe,-0.09545430961500662
"(2007, 9)",-0.30142041446616247,10,meeting minutes,,UST,16,76,1 Mo,y_bl,-0.027560002324272494
"(2007, 9)",-0.30142041446616247,10,speech,Governor Frederic S. Mishkin,UST,16,91,1 Mo,y_bl,-0.027560002324272494
"(2007, 9)",-0.30142041446616247,10,speech,Vice Chairman Donald L. Kohn,UST,16,49,1 Mo,y_bl,-0.027560002324272494
"(2007, 9)",-0.30142041446616247,10,meeting minutes,,UST,16,76,1 Mo,y_probe,-0.05987892438165977
"(2007, 9)",-0.30142041446616247,10,speech,Governor Frederic S. Mishkin,UST,16,91,1 Mo,y_probe,-0.03837360613931175
"(2007, 9)",-0.30142041446616247,10,speech,Vice Chairman Donald L. Kohn,UST,16,49,1 Mo,y_probe,0.006567729655617619
"(2007, 10)",0.102777616532537,10,meeting minutes,,UST,16,92,1 Mo,y_bl,0.03243059417939099
"(2007, 10)",0.102777616532537,10,speech,Chairman Ben S. Bernanke,UST,16,30,1 Mo,y_bl,0.03243059417939099
"(2007, 10)",0.102777616532537,10,meeting minutes,,UST,16,92,1 Mo,y_probe,-0.020235363077087114
"(2007, 10)",0.102777616532537,10,speech,Chairman Ben S. Bernanke,UST,16,30,1 Mo,y_probe,-0.05534838408274855
"(2007, 11)",-0.08305476303569194,10,speech,Governor Frederic S. Mishkin,UST,16,133,1 Mo,y_bl,-0.020934821252179533
"(2007, 11)",-0.08305476303569194,10,speech,Governor Frederic S. Mishkin,UST,16,133,1 Mo,y_probe,-0.04890724134413807
"(2007, 12)",-0.21166706753893685,10,meeting minutes,,UST,16,87,1 Mo,y_bl,0.004939804868303978
"(2007, 12)",-0.21166706753893685,10,meeting minutes,,UST,16,87,1 Mo,y_probe,-0.01589610251185151
"(2008, 1)",-0.23067560714559965,10,meeting minutes,,UST,16,90,1 Mo,y_bl,-0.036826780252435666
"(2008, 1)",-0.23067560714559965,10,speech,Chairman Ben S. Bernanke,UST,16,37,1 Mo,y_bl,-0.036826780252435666
"(2008, 1)",-0.23067560714559965,10,speech,Vice Chairman Donald L. Kohn,UST,16,4,1 Mo,y_bl,-0.036826780252435666
"(2008, 1)",-0.23067560714559965,10,meeting minutes,,UST,16,90,1 Mo,y_probe,-0.04155214025180779
"(2008, 1)",-0.23067560714559965,10,speech,Chairman Ben S. Bernanke,UST,16,37,1 Mo,y_probe,-0.0441338436018944
"(2008, 1)",-0.23067560714559965,10,speech,Vice Chairman Donald L. Kohn,UST,16,4,1 Mo,y_probe,0.04766536255840799
"(2008, 3)",-1.2079536884882607,10,meeting minutes,,UST,16,103,1 Mo,y_bl,0.050068140349813765
"(2008, 3)",-1.2079536884882607,10,meeting minutes,,UST,16,103,1 Mo,y_probe,-0.06302241952734042
"(2008, 4)",0.49949405775644157,10,meeting minutes,,UST,16,111,1 Mo,y_bl,0.08906954179211887
"(2008, 4)",0.49949405775644157,10,meeting minutes,,UST,16,111,1 Mo,y_probe,-0.02421689518123481
"(2008, 6)",0.2417723711477014,10,meeting minutes,,UST,16,100,1 Mo,y_bl,-0.0999278113815744
"(2008, 6)",0.2417723711477014,10,meeting minutes,,UST,16,100,1 Mo,y_probe,0.004078632416488721
"(2008, 8)",0.14934528855232015,10,meeting minutes,,UST,16,83,1 Mo,y_bl,-0.1392374264802873
"(2008, 8)",0.14934528855232015,10,meeting minutes,,UST,16,83,1 Mo,y_probe,-0.025404527139422078
"(2008, 9)",-2.0177973785686265,10,meeting minutes,,UST,16,86,1 Mo,y_bl,0.06136993218483025
"(2008, 9)",-2.0177973785686265,10,meeting minutes,,UST,16,86,1 Mo,y_probe,-0.09148654065058608
"(2008, 10)",0.578077850775157,10,meeting minutes,,UST,16,87,1 Mo,y_bl,0.1685818760646662
"(2008, 10)",0.578077850775157,10,meeting minutes,,UST,16,87,1 Mo,y_probe,-0.07637079647331123
"(2008, 12)",-2.1041341542702106,10,meeting minutes,,UST,16,110,1 Mo,y_bl,-0.15600213754210865
"(2008, 12)",-2.1041341542702106,10,meeting minutes,,UST,16,110,1 Mo,y_probe,-0.1530934819725167
"(2009, 1)",0.4700036292457381,10,meeting minutes,,UST,16,79,1 Mo,y_bl,0.04486904423284584
"(2009, 1)",0.4700036292457381,10,meeting minutes,,UST,16,79,1 Mo,y_probe,-0.08876348402091892
"(2009, 3)",0.6286086594223737,10,meeting minutes,,UST,16,71,1 Mo,y_bl,0.14509864847097623
"(2009, 3)",0.6286086594223737,10,meeting minutes,,UST,16,71,1 Mo,y_probe,-0.08227671220814013
"(2009, 4)",-1.3217558399823202,10,meeting minutes,,UST,16,66,1 Mo,y_bl,-0.2485921430798699
"(2009, 4)",-1.3217558399823202,10,meeting minutes,,UST,16,66,1 Mo,y_probe,-0.05787849501096615
"(2009, 6)",0.9162907318741557,10,meeting minutes,,UST,16,96,1 Mo,y_bl,0.27216309987122894
"(2009, 6)",0.9162907318741557,10,meeting minutes,,UST,16,96,1 Mo,y_probe,-0.047308891420481454
"(2009, 8)",0.33647223662121534,10,meeting minutes,,UST,16,81,1 Mo,y_bl,-0.17102259384224272
"(2009, 8)",0.33647223662121534,10,meeting minutes,,UST,16,81,1 Mo,y_probe,-0.03173035727730826
"(2009, 9)",-1.0296194171811566,10,meeting minutes,,UST,16,99,1 Mo,y_bl,-0.7732841624024528
"(2009, 9)",-1.0296194171811566,10,meeting minutes,,UST,16,99,1 Mo,y_probe,-0.053098458705320414
"(2009, 11)",2.220446049250313e-15,10,meeting minutes,,UST,16,89,1 Mo,y_bl,0.5417403484090603
"(2009, 11)",2.220446049250313e-15,10,meeting minutes,,UST,16,89,1 Mo,y_probe,-0.026104329105465424
"(2009, 12)",-0.916290731874155,10,meeting minutes,,UST,16,113,1 Mo,y_bl,0.011747996894709704
"(2009, 12)",-0.916290731874155,10,meeting minutes,,UST,16,113,1 Mo,y_probe,-0.039219218610781814
"(2010, 1)",-0.6931471805599467,10,meeting minutes,,UST,16,100,1 Mo,y_bl,-0.032619122555228905
"(2010, 1)",-0.6931471805599467,10,meeting minutes,,UST,16,100,1 Mo,y_probe,-0.016240379126819957
"(2010, 3)",2.639057329615262,10,meeting minutes,,UST,16,87,1 Mo,y_bl,0.6255188363491544
"(2010, 3)",2.639057329615262,10,meeting minutes,,UST,16,87,1 Mo,y_probe,0.04929560870746256
"(2010, 4)",-8.881784197001252e-16,10,meeting minutes,,UST,16,86,1 Mo,y_bl,-0.6525042771396325
"(2010, 4)",-8.881784197001252e-16,10,meeting minutes,,UST,16,86,1 Mo,y_probe,-0.007551293784158814
"(2010, 6)",-0.6931471805599467,10,meeting minutes,,UST,16,96,1 Mo,y_bl,-0.09358056565645703
"(2010, 6)",-0.6931471805599467,10,meeting minutes,,UST,16,96,1 Mo,y_probe,-0.046822382734681624
"(2010, 8)",0.7621400520468965,10,meeting minutes,,UST,16,99,1 Mo,y_bl,0.5076198746220482
"(2010, 8)",0.7621400520468965,10,meeting minutes,,UST,16,99,1 Mo,y_probe,-0.037354892359762526
"(2010, 9)",-0.22314355131421126,10,meeting minutes,,UST,16,87,1 Mo,y_bl,-0.6953588274018445
"(2010, 9)",-0.22314355131421126,10,meeting minutes,,UST,16,87,1 Mo,y_probe,-0.036324532818248934
"(2010, 11)",0.08004270767353736,10,meeting minutes,,UST,16,111,1 Mo,y_bl,-0.03162312827952065
"(2010, 11)",0.08004270767353736,10,meeting minutes,,UST,16,111,1 Mo,y_probe,-0.023265695193207512
"(2010, 12)",-0.3677247801253207,10,meeting minutes,,UST,16,87,1 Mo,y_bl,0.4872321524789138
"(2010, 12)",-0.3677247801253207,10,meeting minutes,,UST,16,87,1 Mo,y_probe,-0.03854927573066421
"(2011, 1)",0.5108256237659908,10,meeting minutes,,UST,16,106,1 Mo,y_bl,-0.055444281311043085
"(2011, 1)",0.5108256237659908,10,meeting minutes,,UST,16,106,1 Mo,y_probe,-0.011436536684093236
"(2011, 3)",-0.762140052046898,10,meeting minutes,,UST,16,104,1 Mo,y_bl,0.39379293183002645
"(2011, 3)",-0.762140052046898,10,meeting minutes,,UST,16,104,1 Mo,y_probe,-0.02378648001698865
"(2011, 4)",-0.8472978603872077,10,meeting minutes,,UST,16,120,1 Mo,y_bl,0.0289327606127833
"(2011, 4)",-0.8472978603872077,10,press conference,,UST,16,116,1 Mo,y_bl,0.0289327606127833
"(2011, 4)",-0.8472978603872077,10,meeting minutes,,UST,16,120,1 Mo,y_probe,-0.011084193812912696
"(2011, 4)",-0.8472978603872077,10,press conference,,UST,16,116,1 Mo,y_probe,-0.0006038342278779327
"(2011, 6)",-1.0986122886681091,10,meeting minutes,,UST,16,107,1 Mo,y_bl,-0.269400683065311
"(2011, 6)",-1.0986122886681091,10,press conference,,UST,16,76,1 Mo,y_bl,-0.269400683065311
"(2011, 6)",-1.0986122886681091,10,meeting minutes,,UST,16,107,1 Mo,y_probe,-0.05176524068624549
"(2011, 6)",-1.0986122886681091,10,press conference,,UST,16,76,1 Mo,y_probe,-0.034173133510552935
"(2011, 8)",0.693147180559946,10,meeting minutes,,UST,16,103,1 Mo,y_bl,0.15646349960867317
"(2011, 8)",0.693147180559946,10,meeting minutes,,UST,16,103,1 Mo,y_probe,-0.030695489643145196
"(2011, 9)",-0.6931471805599468,10,meeting minutes,,UST,16,125,1 Mo,y_bl,-0.09783269244761339
"(2011, 9)",-0.6931471805599468,10,meeting minutes,,UST,16,125,1 Mo,y_probe,-0.03954505642854399
"(2011, 11)",0.0,10,meeting minutes,,UST,16,116,1 Mo,y_bl,-0.04550094592379752
"(2011, 11)",0.0,10,press conference,,UST,16,81,1 Mo,y_bl,-0.04550094592379752
"(2011, 11)",0.0,10,meeting minutes,,UST,16,116,1 Mo,y_probe,-0.035031715070904565
"(2011, 11)",0.0,10,press conference,,UST,16,81,1 Mo,y_probe,-0.004009144935174753
"(2012, 1)",0.0,10,meeting minutes,,UST,16,100,1 Mo,y_bl,0.016919783315737454
"(2012, 1)",0.0,10,press conference,,UST,16,94,1 Mo,y_bl,0.016919783315737454
"(2012, 1)",0.0,10,meeting minutes,,UST,16,100,1 Mo,y_probe,-0.015252500748294692
"(2012, 1)",0.0,10,press conference,,UST,16,94,1 Mo,y_probe,0.02829163451940893
"(2012, 3)",0.6931471805599455,10,meeting minutes,,UST,16,97,1 Mo,y_bl,-0.22493845886236252
"(2012, 3)",0.6931471805599455,10,meeting minutes,,UST,16,97,1 Mo,y_probe,0.027844079829463294
"(2012, 4)",0.28768207245178173,10,meeting minutes,,UST,16,106,1 Mo,y_bl,-0.23327211962958377
"(2012, 4)",0.28768207245178173,10,press conference,,UST,16,63,1 Mo,y_bl,-0.23327211962958377
"(2012, 4)",0.28768207245178173,10,meeting minutes,,UST,16,106,1 Mo,y_probe,0.0009802270525621204
"(2012, 4)",0.28768207245178173,10,press conference,,UST,16,63,1 Mo,y_probe,0.053778119443607136
"(2012, 6)",-0.2876820724517805,10,meeting minutes,,UST,16,111,1 Mo,y_bl,-0.13385114722945635
"(2012, 6)",-0.2876820724517805,10,press conference,,UST,16,47,1 Mo,y_bl,-0.13385114722945635
"(2012, 6)",-0.2876820724517805,10,meeting minutes,,UST,16,111,1 Mo,y_probe,-0.009928936177412303
"(2012, 6)",-0.2876820724517805,10,press conference,,UST,16,47,1 Mo,y_probe,-0.025967263076788424
"(2012, 8)",0.15415067982725908,10,meeting minutes,,UST,16,96,1 Mo,y_bl,0.048164800611816515
"(2012, 8)",0.15415067982725908,10,meeting minutes,,UST,16,96,1 Mo,y_probe,-0.02240777814323427
"(2012, 9)",0.3566749439387297,10,meeting minutes,,UST,16,111,1 Mo,y_bl,0.22386418421508264
"(2012, 9)",0.3566749439387297,10,press conference,,UST,16,77,1 Mo,y_bl,0.22386418421508264
"(2012, 9)",0.3566749439387297,10,meeting minutes,,UST,16,111,1 Mo,y_probe,-0.01960095186836959
"(2012, 9)",0.3566749439387297,10,press conference,,UST,16,77,1 Mo,y_probe,0.007047277379770555
"(2012, 10)",0.262364264467492,10,meeting minutes,,UST,16,101,1 Mo,y_bl,-0.0462309946383032
"(2012, 10)",0.262364264467492,10,meeting minutes,,UST,16,101,1 Mo,y_probe,-0.011240291775806748
"(2012, 12)",-1.1786549963416428,10,meeting minutes,,UST,16,108,1 Mo,y_bl,0.04328946719467871
"(2012, 12)",-1.1786549963416428,10,press conference,,UST,16,81,1 Mo,y_bl,0.04328946719467871
"(2012, 12)",-1.1786549963416428,10,meeting minutes,,UST,16,108,1 Mo,y_probe,-0.026217605543716088
"(2012, 12)",-1.1786549963416428,10,press conference,,UST,16,81,1 Mo,y_probe,-0.044401705859202265
"(2013, 1)",-4.440892098500626e-16,10,meeting minutes,,UST,16,103,1 Mo,y_bl,0.28615227966913315
"(2013, 1)",-4.440892098500626e-16,10,meeting minutes,,UST,16,103,1 Mo,y_probe,0.0010027974425143437
"(2013, 3)",0.6931471805599463,10,meeting minutes,,UST,16,106,1 Mo,y_bl,0.07829467403116004
"(2013, 3)",0.6931471805599463,10,press conference,,UST,16,65,1 Mo,y_bl,0.07829467403116004
"(2013, 3)",0.6931471805599463,10,meeting minutes,,UST,16,106,1 Mo,y_probe,0.020764272939888133
"(2013, 3)",0.6931471805599463,10,press conference,,UST,16,65,1 Mo,y_probe,0.045379402421296025
"(2013, 5)",-0.9808292530117297,10,meeting minutes,,UST,16,109,1 Mo,y_bl,-0.2108481622362469
"(2013, 5)",-0.9808292530117297,10,meeting minutes,,UST,16,109,1 Mo,y_probe,-0.029937839285172827
"(2013, 6)",0.07881984254795842,10,meeting minutes,,UST,16,129,1 Mo,y_bl,0.09285493595451635
"(2013, 6)",0.07881984254795842,10,press conference,,UST,16,82,1 Mo,y_bl,0.09285493595451635
"(2013, 6)",0.07881984254795842,10,speech,Governor Jeremy C. Stein,UST,16,18,1 Mo,y_bl,0.09285493595451635
"(2013, 6)",0.07881984254795842,10,speech,Governor Jerome H. Powell,UST,16,73,1 Mo,y_bl,0.09285493595451635
"(2013, 6)",0.07881984254795842,10,meeting minutes,,UST,16,129,1 Mo,y_probe,0.014715390468060629
"(2013, 6)",0.07881984254795842,10,press conference,,UST,16,82,1 Mo,y_probe,0.048139799848983165
"(2013, 6)",0.07881984254795842,10,speech,Governor Jeremy C. Stein,UST,16,18,1 Mo,y_probe,-0.0561356129273589
"(2013, 6)",0.07881984254795842,10,speech,Governor Jerome H. Powell,UST,16,73,1 Mo,y_probe,-0.021784531629159873
"(2013, 7)",-0.12438371968773154,10,meeting minutes,,UST,16,114,1 Mo,y_bl,0.0631806699978534
"(2013, 7)",-0.12438371968773154,10,meeting minutes,,UST,16,114,1 Mo,y_probe,0.005952035589113305
"(2013, 9)",-1.0986122886681071,10,meeting minutes,,UST,16,110,1 Mo,y_bl,-0.22192159838110878
"(2013, 9)",-1.0986122886681071,10,press conference,,UST,16,90,1 Mo,y_bl,-0.22192159838110878
"(2013, 9)",-1.0986122886681071,10,meeting minutes,,UST,16,110,1 Mo,y_probe,-0.023296357931710584
"(2013, 9)",-1.0986122886681071,10,press conference,,UST,16,90,1 Mo,y_probe,-0.04262554292752071
"(2013, 10)",1.6094379124340998,10,meeting minutes,,UST,16,96,1 Mo,y_bl,0.2090367813107799
"(2013, 10)",1.6094379124340998,10,meeting minutes,,UST,16,96,1 Mo,y_probe,0.029317272788785476
"(2013, 11)",-0.9162907318741542,10,speech,Governor Jerome H. Powell,UST,16,70,1 Mo,y_bl,-0.10102650549525827
"(2013, 11)",-0.9162907318741542,10,speech,Governor Jerome H. Powell,UST,16,70,1 Mo,y_probe,-0.11316057555149378
"(2013, 12)",-0.693147180559947,10,meeting minutes,,UST,16,130,1 Mo,y_bl,-0.3510677427474228
"(2013, 12)",-0.693147180559947,10,press conference,,UST,16,100,1 Mo,y_bl,-0.3510677427474228
"(2013, 12)",-0.693147180559947,10,meeting minutes,,UST,16,130,1 Mo,y_probe,-0.012029056603629665
"(2013, 12)",-0.693147180559947,10,press conference,,UST,16,100,1 Mo,y_probe,0.0038299046438162983
"(2014, 1)",1.3862943611198941,10,meeting minutes,,UST,16,101,1 Mo,y_bl,-0.136404637086828
"(2014, 1)",1.3862943611198941,10,meeting minutes,,UST,16,101,1 Mo,y_probe,0.010814402456006074
"(2014, 3)",0.5596157879354244,10,meeting minutes,,UST,16,131,1 Mo,y_bl,0.32713871118191146
"(2014, 3)",0.5596157879354244,10,press conference,,UST,16,83,1 Mo,y_bl,0.32713871118191146
"(2014, 3)",0.5596157879354244,10,meeting minutes,,UST,16,131,1 Mo,y_probe,-0.010938488093865882
"(2014, 3)",0.5596157879354244,10,press conference,,UST,16,83,1 Mo,y_probe,0.052415378274260876
"(2014, 4)",-1.2527629684953723,10,meeting minutes,,UST,16,95,1 Mo,y_bl,-0.5214413289283616
"(2014, 4)",-1.2527629684953723,10,meeting minutes,,UST,16,95,1 Mo,y_probe,-0.01996690137366784
"(2014, 6)",0.4054651081081615,10,meeting minutes,,UST,16,128,1 Mo,y_bl,0.23172364737897536
"(2014, 6)",0.4054651081081615,10,press conference,,UST,16,83,1 Mo,y_bl,0.23172364737897536
"(2014, 6)",0.4054651081081615,10,meeting minutes,,UST,16,128,1 Mo,y_probe,0.013649261052761912
"(2014, 6)",0.4054651081081615,10,press conference,,UST,16,83,1 Mo,y_probe,0.10798791254094266
"(2014, 7)",-1.3322676295501878e-15,10,meeting minutes,,UST,16,117,1 Mo,y_bl,0.20936914156572328
"(2014, 7)",-1.3322676295501878e-15,10,meeting minutes,,UST,16,117,1 Mo,y_probe,0.004514298505387893
"(2014, 9)",-1.0986122886681071,10,meeting minutes,,UST,16,130,1 Mo,y_bl,-0.32143380532391713
"(2014, 9)",-1.0986122886681071,10,press conference,,UST,16,66,1 Mo,y_bl,-0.32143380532391713
"(2014, 9)",-1.0986122886681071,10,meeting minutes,,UST,16,130,1 Mo,y_probe,-0.002537899904518293
"(2014, 9)",-1.0986122886681071,10,press conference,,UST,16,66,1 Mo,y_probe,-0.009537617536088068
"(2014, 10)",0.0,10,meeting minutes,,UST,16,115,1 Mo,y_bl,0.7336641643287194
"(2014, 10)",0.0,10,meeting minutes,,UST,16,115,1 Mo,y_probe,0.004834259654538452
"(2014, 12)",1.0986122886681076,10,meeting minutes,,UST,16,126,1 Mo,y_bl,-0.008206866061381452
"(2014, 12)",1.0986122886681076,10,press conference,,UST,16,88,1 Mo,y_bl,-0.008206866061381452
"(2014, 12)",1.0986122886681076,10,meeting minutes,,UST,16,126,1 Mo,y_probe,0.046289542791109514
"(2014, 12)",1.0986122886681076,10,press conference,,UST,16,88,1 Mo,y_probe,0.12491798413743208
"(2015, 1)",-0.40546510810816677,10,meeting minutes,,UST,16,147,1 Mo,y_bl,-0.40295046944917445
"(2015, 1)",-0.40546510810816677,10,meeting minutes,,UST,16,147,1 Mo,y_probe,0.03374986295696089
"(2015, 3)",-4.440892098500626e-16,10,meeting minutes,,UST,16,123,1 Mo,y_bl,0.20154862498886134
"(2015, 3)",-4.440892098500626e-16,10,press conference,,UST,16,82,1 Mo,y_bl,0.20154862498886134
"(2015, 3)",-4.440892098500626e-16,10,meeting minutes,,UST,16,123,1 Mo,y_probe,0.0263044309352743
"(2015, 3)",-4.440892098500626e-16,10,press conference,,UST,16,82,1 Mo,y_probe,0.07644997932774564
"(2015, 7)",0.0,10,meeting minutes,,UST,16,130,1 Mo,y_bl,-0.30338282967419705
"(2015, 7)",0.0,10,meeting minutes,,UST,16,130,1 Mo,y_probe,0.035024333391583985
"(2015, 10)",0.0,10,meeting minutes,,UST,16,142,1 Mo,y_bl,-0.21755083557057026
"(2015, 10)",0.0,10,meeting minutes,,UST,16,142,1 Mo,y_probe,0.03255186290279291
"(2015, 12)",1.8971199848858789,10,meeting minutes,,UST,16,140,1 Mo,y_bl,0.20514132671254884
"(2015, 12)",1.8971199848858789,10,press conference,,UST,16,121,1 Mo,y_bl,0.20514132671254884
"(2015, 12)",1.8971199848858789,10,meeting minutes,,UST,16,140,1 Mo,y_probe,0.09905905008868893
"(2015, 12)",1.8971199848858789,10,press conference,,UST,16,121,1 Mo,y_probe,0.1672245778837888
"(2016, 1)",0.3364722366212095,10,meeting minutes,,UST,16,125,1 Mo,y_bl,-0.2950802373287778
"(2016, 1)",0.3364722366212095,10,meeting minutes,,UST,16,125,1 Mo,y_probe,0.058134670678238694
"(2016, 3)",-1.7763568394002505e-15,10,meeting minutes,,UST,16,133,1 Mo,y_bl,-0.054886756484059454
"(2016, 3)",-1.7763568394002505e-15,10,press conference,,UST,16,104,1 Mo,y_bl,-0.054886756484059454
"(2016, 3)",-1.7763568394002505e-15,10,meeting minutes,,UST,16,133,1 Mo,y_probe,0.05309081138516111
"(2016, 3)",-1.7763568394002505e-15,10,press conference,,UST,16,104,1 Mo,y_probe,0.09164166515630774
"(2016, 4)",-0.44183275227904106,10,meeting minutes,,UST,16,136,1 Mo,y_bl,0.4579134632793786
"(2016, 4)",-0.44183275227904106,10,meeting minutes,,UST,16,136,1 Mo,y_probe,0.04325796246280777
"(2016, 6)",0.2451224580329873,10,meeting minutes,,UST,16,129,1 Mo,y_bl,-0.17834173254195423
"(2016, 6)",0.2451224580329873,10,press conference,,UST,16,102,1 Mo,y_bl,-0.17834173254195423
"(2016, 6)",0.2451224580329873,10,meeting minutes,,UST,16,129,1 Mo,y_probe,0.043867953344989136
"(2016, 6)",0.2451224580329873,10,press conference,,UST,16,102,1 Mo,y_probe,0.1095360704219308
"(2016, 7)",0.0833816089390554,10,meeting minutes,,UST,16,155,1 Mo,y_bl,-0.0906520346907049
"(2016, 7)",0.0833816089390554,10,meeting minutes,,UST,16,155,1 Mo,y_probe,0.03793948696927197
"(2016, 9)",-0.7339691750802025,10,meeting minutes,,UST,16,139,1 Mo,y_bl,0.2496794933494304
"(2016, 9)",-0.7339691750802025,10,press conference,,UST,16,92,1 Mo,y_bl,0.2496794933494304
"(2016, 9)",-0.7339691750802025,10,meeting minutes,,UST,16,139,1 Mo,y_probe,0.027172565456554377
"(2016, 9)",-0.7339691750802025,10,press conference,,UST,16,92,1 Mo,y_probe,0.06882864610295372
"(2016, 11)",0.6931471805599432,10,meeting minutes,,UST,16,123,1 Mo,y_bl,0.20925897354641473
"(2016, 11)",0.6931471805599432,10,meeting minutes,,UST,16,123,1 Mo,y_probe,0.06944626940420638
"(2016, 12)",0.7137664677626837,10,meeting minutes,,UST,16,133,1 Mo,y_bl,0.1261624714768493
"(2016, 12)",0.7137664677626837,10,press conference,,UST,16,66,1 Mo,y_bl,0.1261624714768493
"(2016, 12)",0.7137664677626837,10,meeting minutes,,UST,16,133,1 Mo,y_probe,0.09897987551006641
"(2016, 12)",0.7137664677626837,10,press conference,,UST,16,66,1 Mo,y_probe,0.09357779652568665
"(2017, 1)",-0.0047160315810681735,10,speech,Chair Janet L. Yellen,UST,16,133,1 Mo,y_bl,-0.028640500911110887
"(2017, 1)",-0.0047160315810681735,10,speech,Governor Lael Brainard,UST,16,53,1 Mo,y_bl,-0.028640500911110887
"(2017, 1)",-0.0047160315810681735,10,speech,Chair Janet L. Yellen,UST,16,133,1 Mo,y_probe,0.0223202381711722
"(2017, 1)",-0.0047160315810681735,10,speech,Governor Lael Brainard,UST,16,53,1 Mo,y_probe,-0.014536240805979999
"(2017, 2)",0.0021717499797722644,10,meeting minutes,,UST,16,117,1 Mo,y_bl,-0.32338342899033395
"(2017, 2)",0.0021717499797722644,10,speech,Governor Jerome H. Powell,UST,16,64,1 Mo,y_bl,-0.32338342899033395
"(2017, 2)",0.0021717499797722644,10,meeting minutes,,UST,16,117,1 Mo,y_probe,0.06398113046992902
"(2017, 2)",0.0021717499797722644,10,speech,Governor Jerome H. Powell,UST,16,64,1 Mo,y_probe,-0.010827557323604084
"(2017, 3)",0.26675901028539123,10,meeting minutes,,UST,16,137,1 Mo,y_bl,-0.1556570793569815
"(2017, 3)",0.26675901028539123,10,press conference,,UST,16,64,1 Mo,y_bl,-0.1556570793569815
"(2017, 3)",0.26675901028539123,10,speech,Governor Lael Brainard,UST,16,60,1 Mo,y_bl,-0.1556570793569815
"(2017, 3)",0.26675901028539123,10,speech,Vice Chairman Stanley Fischer,UST,16,11,1 Mo,y_bl,-0.1556570793569815
"(2017, 3)",0.26675901028539123,10,meeting minutes,,UST,16,137,1 Mo,y_probe,0.07482262704844808
"(2017, 3)",0.26675901028539123,10,press conference,,UST,16,64,1 Mo,y_probe,0.08379185862070099
"(2017, 3)",0.26675901028539123,10,speech,Governor Lael Brainard,UST,16,60,1 Mo,y_probe,0.015881770525202846
"(2017, 3)",0.26675901028539123,10,speech,Vice Chairman Stanley Fischer,UST,16,11,1 Mo,y_probe,-0.005416828165822311
"(2017, 5)",0.11794043120115516,10,meeting minutes,,UST,16,130,1 Mo,y_bl,-0.1324570558324007
"(2017, 5)",0.11794043120115516,10,meeting minutes,,UST,16,130,1 Mo,y_probe,0.05749832660344293
"(2017, 6)",0.20935022918187282,10,meeting minutes,,UST,16,127,1 Mo,y_bl,-0.0831228597409824
"(2017, 6)",0.20935022918187282,10,press conference,,UST,16,73,1 Mo,y_bl,-0.0831228597409824
"(2017, 6)",0.20935022918187282,10,meeting minutes,,UST,16,127,1 Mo,y_probe,0.06520501015978619
"(2017, 6)",0.20935022918187282,10,press conference,,UST,16,73,1 Mo,y_probe,0.12985128533348828
"(2017, 7)",0.12516314295400266,10,meeting minutes,,UST,16,128,1 Mo,y_bl,0.15963346500784684
"(2017, 7)",0.12516314295400266,10,meeting minutes,,UST,16,128,1 Mo,y_probe,0.037873827766136584
"(2017, 9)",-0.04000533461369812,10,meeting minutes,,UST,16,133,1 Mo,y_bl,-0.05653498579697137
"(2017, 9)",-0.04000533461369812,10,press conference,,UST,16,96,1 Mo,y_bl,-0.05653498579697137
"(2017, 9)",-0.04000533461369812,10,meeting minutes,,UST,16,133,1 Mo,y_probe,0.039312695768884125
"(2017, 9)",-0.04000533461369812,10,press conference,,UST,16,96,1 Mo,y_probe,0.10161065493670492
"(2017, 11)",0.07847161544149904,10,meeting minutes,,UST,16,133,1 Mo,y_bl,0.14998989359617063
"(2017, 11)",0.07847161544149904,10,meeting minutes,,UST,16,133,1 Mo,y_probe,0.05269753138130815
"(2017, 12)",0.14058195062118728,10,meeting minutes,,UST,16,120,1 Mo,y_bl,0.16276437912631442
"(2017, 12)",0.14058195062118728,10,press conference,,UST,16,77,1 Mo,y_bl,0.16276437912631442
"(2017, 12)",0.14058195062118728,10,meeting minutes,,UST,16,120,1 Mo,y_probe,0.07117013681926712
"(2017, 12)",0.14058195062118728,10,press conference,,UST,16,77,1 Mo,y_probe,0.13528185794383185
"(2018, 1)",0.15882358552665118,10,meeting minutes,,UST,16,147,1 Mo,y_bl,-0.15346492486253527
"(2018, 1)",0.15882358552665118,10,meeting minutes,,UST,16,147,1 Mo,y_probe,0.07026453481559068
"(2018, 3)",0.17881892624274875,10,meeting minutes,,UST,16,113,1 Mo,y_bl,-0.05130136818887629
"(2018, 3)",0.17881892624274875,10,press conference,,UST,16,76,1 Mo,y_bl,-0.05130136818887629
"(2018, 3)",0.17881892624274875,10,meeting minutes,,UST,16,113,1 Mo,y_probe,0.07190239116415226
"(2018, 3)",0.17881892624274875,10,press conference,,UST,16,76,1 Mo,y_probe,0.10342278322978089
"(2018, 5)",-0.01176484157958509,10,meeting minutes,,UST,16,128,1 Mo,y_bl,-0.009205940838806936
"(2018, 5)",-0.01176484157958509,10,meeting minutes,,UST,16,128,1 Mo,y_probe,0.06528040901851066
"(2018, 6)",0.07410797215372267,10,meeting minutes,,UST,16,113,1 Mo,y_bl,-0.02301780011947799
"(2018, 6)",0.07410797215372267,10,press conference,,UST,16,103,1 Mo,y_bl,-0.02301780011947799
"(2018, 6)",0.07410797215372267,10,meeting minutes,,UST,16,113,1 Mo,y_probe,0.06779221630575376
"(2018, 6)",0.07410797215372267,10,press conference,,UST,16,103,1 Mo,y_probe,0.11746711452775796
"(2018, 8)",0.05868350182809312,10,meeting minutes,,UST,16,118,1 Mo,y_bl,-0.007532762718271376
"(2018, 8)",0.05868350182809312,10,meeting minutes,,UST,16,118,1 Mo,y_probe,0.04861172181123212
"(2018, 9)",0.08916794457117838,10,meeting minutes,,UST,16,111,1 Mo,y_bl,-0.04477747644749697
"(2018, 9)",0.08916794457117838,10,press conference,,UST,16,59,1 Mo,y_bl,-0.04477747644749697
"(2018, 9)",0.08916794457117838,10,meeting minutes,,UST,16,111,1 Mo,y_probe,0.06572536805831039
"(2018, 9)",0.08916794457117838,10,press conference,,UST,16,59,1 Mo,y_probe,0.11496738643762101
"(2018, 11)",0.04630456804168224,10,meeting minutes,,UST,16,126,1 Mo,y_bl,0.01560310470183641
"(2018, 11)",0.04630456804168224,10,meeting minutes,,UST,16,126,1 Mo,y_probe,0.050426014514660854
"(2018, 12)",0.061422812626405594,10,meeting minutes,,UST,16,119,1 Mo,y_bl,0.02883215071017529
"(2018, 12)",0.061422812626405594,10,press conference,,UST,16,68,1 Mo,y_bl,0.02883215071017529
"(2018, 12)",0.061422812626405594,10,meeting minutes,,UST,16,119,1 Mo,y_probe,0.051391955401582555
"(2018, 12)",0.061422812626405594,10,press conference,,UST,16,68,1 Mo,y_probe,0.09741186048091506
"(2019, 1)",0.021053409197829165,10,meeting minutes,,UST,16,138,1 Mo,y_bl,-0.006720746767365588
"(2019, 1)",0.021053409197829165,10,press conference,,UST,16,39,1 Mo,y_bl,-0.006720746767365588
"(2019, 1)",0.021053409197829165,10,meeting minutes,,UST,16,138,1 Mo,y_probe,0.05739704978778
"(2019, 1)",0.021053409197829165,10,press conference,,UST,16,39,1 Mo,y_probe,0.08252129324873297
"(2019, 3)",0.020619287202738774,10,meeting minutes,,UST,16,157,1 Mo,y_bl,-0.008785643692161959
"(2019, 3)",0.020619287202738774,10,press conference,,UST,16,72,1 Mo,y_bl,-0.008785643692161959
"(2019, 3)",0.020619287202738774,10,meeting minutes,,UST,16,157,1 Mo,y_probe,0.03329139256538726
"(2019, 3)",0.020619287202738774,10,press conference,,UST,16,72,1 Mo,y_probe,0.0627911046999939
"(2019, 5)",-0.012320484388039298,10,meeting minutes,,UST,16,131,1 Mo,y_bl,-0.028619859951912803
"(2019, 5)",-0.012320484388039298,10,press conference,,UST,16,77,1 Mo,y_bl,-0.028619859951912803
"(2019, 5)",-0.012320484388039298,10,meeting minutes,,UST,16,131,1 Mo,y_probe,0.05120623511721787
"(2019, 5)",-0.012320484388039298,10,press conference,,UST,16,77,1 Mo,y_probe,0.11873916188465271
"(2019, 6)",-0.12296171113483706,10,meeting minutes,,UST,16,119,1 Mo,y_bl,-0.008153965713290183
"(2019, 6)",-0.12296171113483706,10,press conference,,UST,16,66,1 Mo,y_bl,-0.008153965713290183
"(2019, 6)",-0.12296171113483706,10,meeting minutes,,UST,16,119,1 Mo,y_probe,0.03853527032836729
"(2019, 6)",-0.12296171113483706,10,press conference,,UST,16,66,1 Mo,y_probe,0.0684164344482636
"(2019, 7)",-0.06267110696277141,10,meeting minutes,,UST,16,163,1 Mo,y_bl,0.023495222622845625
"(2019, 7)",-0.06267110696277141,10,press conference,,UST,16,57,1 Mo,y_bl,0.023495222622845625
"(2019, 7)",-0.06267110696277141,10,meeting minutes,,UST,16,163,1 Mo,y_probe,0.02456874542285058
"(2019, 7)",-0.06267110696277141,10,press conference,,UST,16,57,1 Mo,y_probe,0.060360090517572615
"(2019, 9)",-0.035446748995744785,10,meeting minutes,,UST,16,140,1 Mo,y_bl,0.00767380283955325
"(2019, 9)",-0.035446748995744785,10,press conference,,UST,16,68,1 Mo,y_bl,0.00767380283955325
"(2019, 9)",-0.035446748995744785,10,meeting minutes,,UST,16,140,1 Mo,y_probe,0.03860432530890187
"(2019, 9)",-0.035446748995744785,10,press conference,,UST,16,68,1 Mo,y_probe,0.0657342781558131
"(2019, 10)",-0.17233369909083202,10,meeting minutes,,UST,16,123,1 Mo,y_bl,-0.01595306476337023
"(2019, 10)",-0.17233369909083202,10,press conference,,UST,16,82,1 Mo,y_bl,-0.01595306476337023
"(2019, 10)",-0.17233369909083202,10,speech,Chair Jerome H. Powell,UST,16,56,1 Mo,y_bl,-0.01595306476337023
"(2019, 10)",-0.17233369909083202,10,speech,Vice Chair Richard H. Clarida,UST,16,14,1 Mo,y_bl,-0.01595306476337023
"(2019, 10)",-0.17233369909083202,10,meeting minutes,,UST,16,123,1 Mo,y_probe,0.023577120929192744
"(2019, 10)",-0.17233369909083202,10,press conference,,UST,16,82,1 Mo,y_probe,0.06595636942395841
"(2019, 10)",-0.17233369909083202,10,speech,Chair Jerome H. Powell,UST,16,56,1 Mo,y_probe,0.015248825216539585
"(2019, 10)",-0.17233369909083202,10,speech,Vice Chair Richard H. Clarida,UST,16,14,1 Mo,y_probe,0.022669796649088254
"(2019, 11)",-0.02759764234250314,10,speech,Governor Lael Brainard,UST,16,77,1 Mo,y_bl,0.041363474290333054
"(2019, 11)",-0.02759764234250314,10,speech,Vice Chair Richard H. Clarida,UST,16,94,1 Mo,y_bl,0.041363474290333054
"(2019, 11)",-0.02759764234250314,10,speech,Vice Chair for Supervision Randal K. Quarles,UST,16,42,1 Mo,y_bl,0.041363474290333054
"(2019, 11)",-0.02759764234250314,10,speech,Governor Lael Brainard,UST,16,77,1 Mo,y_probe,-0.00391433026311353
"(2019, 11)",-0.02759764234250314,10,speech,Vice Chair Richard H. Clarida,UST,16,94,1 Mo,y_probe,0.03102344977762809
"(2019, 11)",-0.02759764234250314,10,speech,Vice Chair for Supervision Randal K. Quarles,UST,16,42,1 Mo,y_probe,-0.043066486277607396
"(2019, 12)",-0.03144951021736664,10,meeting minutes,,UST,16,113,1 Mo,y_bl,0.012477630513309301
"(2019, 12)",-0.03144951021736664,10,press conference,,UST,16,80,1 Mo,y_bl,0.012477630513309301
"(2019, 12)",-0.03144951021736664,10,meeting minutes,,UST,16,113,1 Mo,y_probe,0.029891302667481356
"(2019, 12)",-0.03144951021736664,10,press conference,,UST,16,80,1 Mo,y_probe,0.10213906604272435
"(2020, 1)",-0.012554392050551212,10,meeting minutes,,UST,16,120,1 Mo,y_bl,-0.011782415481628507
"(2020, 1)",-0.012554392050551212,10,press conference,,UST,16,55,1 Mo,y_bl,-0.011782415481628507
"(2020, 1)",-0.012554392050551212,10,speech,Vice Chair Richard H. Clarida,UST,16,15,1 Mo,y_bl,-0.011782415481628507
"(2020, 1)",-0.012554392050551212,10,meeting minutes,,UST,16,120,1 Mo,y_probe,0.04114677029372569
"(2020, 1)",-0.012554392050551212,10,press conference,,UST,16,55,1 Mo,y_probe,0.05901186136559689
"(2020, 1)",-0.012554392050551212,10,speech,Vice Chair Richard H. Clarida,UST,16,15,1 Mo,y_probe,0.08491307349885545
"(2020, 2)",0.04923736878616034,10,speech,Governor Lael Brainard,UST,16,77,1 Mo,y_bl,0.0061455463665933685
"(2020, 2)",0.04923736878616034,10,speech,Vice Chair Richard H. Clarida,UST,16,94,1 Mo,y_bl,0.0061455463665933685
"(2020, 2)",0.04923736878616034,10,speech,Vice Chair for Supervision Randal K. Quarles,UST,16,33,1 Mo,y_bl,0.0061455463665933685
"(2020, 2)",0.04923736878616034,10,speech,Governor Lael Brainard,UST,16,77,1 Mo,y_probe,-0.007460328701348922
"(2020, 2)",0.04923736878616034,10,speech,Vice Chair Richard H. Clarida,UST,16,94,1 Mo,y_probe,0.0032224617865754058
"(2020, 2)",0.04923736878616034,10,speech,Vice Chair for Supervision Randal K. Quarles,UST,16,33,1 Mo,y_probe,0.01343949879948368
"(2020, 3)",-0.36411057667505536,10,press conference,,UST,16,14,1 Mo,y_bl,0.10269169768997043
"(2020, 3)",-0.36411057667505536,10,press conference,,UST,16,14,1 Mo,y_probe,0.03471486711196483
"(2020, 4)",-2.4069451083182853,10,meeting minutes,,UST,16,100,1 Mo,y_bl,-0.04510585286215168
"(2020, 4)",-2.4069451083182853,10,press conference,,UST,16,44,1 Mo,y_bl,-0.04510585286215168
"(2020, 4)",-2.4069451083182853,10,meeting minutes,,UST,16,100,1 Mo,y_probe,-0.17111664111019073
"(2020, 4)",-2.4069451083182853,10,press conference,,UST,16,44,1 Mo,y_probe,-0.12571594011206996
"(2020, 5)",-0.10536051565782412,10,speech,Vice Chair Richard H. Clarida,UST,16,18,1 Mo,y_bl,0.06607090730920075
"(2020, 5)",-0.10536051565782412,10,speech,Vice Chair Richard H. Clarida,UST,16,18,1 Mo,y_probe,-0.044087150995053254
"(2020, 6)",0.37528681810018605,10,meeting minutes,,UST,16,110,1 Mo,y_bl,0.27612108133271085
"(2020, 6)",0.37528681810018605,10,press conference,,UST,16,66,1 Mo,y_bl,0.27612108133271085
"(2020, 6)",0.37528681810018605,10,speech,Vice Chair Richard H. Clarida,UST,16,20,1 Mo,y_bl,0.27612108133271085
"(2020, 6)",0.37528681810018605,10,meeting minutes,,UST,16,110,1 Mo,y_probe,-0.07176915836138162
"(2020, 6)",0.37528681810018605,10,press conference,,UST,16,66,1 Mo,y_probe,0.016388542019990723
"(2020, 6)",0.37528681810018605,10,speech,Vice Chair Richard H. Clarida,UST,16,20,1 Mo,y_probe,-0.03359003364215676
"(2020, 7)",-0.3451387774155157,10,meeting minutes,,UST,16,94,1 Mo,y_bl,-0.021826574090627153
"(2020, 7)",-0.3451387774155157,10,press conference,,UST,16,46,1 Mo,y_bl,-0.021826574090627153
"(2020, 7)",-0.3451387774155157,10,speech,Governor Lael Brainard,UST,16,25,1 Mo,y_bl,-0.021826574090627153
"(2020, 7)",-0.3451387774155157,10,meeting minutes,,UST,16,94,1 Mo,y_probe,-0.07466274016662262
"(2020, 7)",-0.3451387774155157,10,press conference,,UST,16,46,1 Mo,y_probe,-0.01087123195061619
"(2020, 7)",-0.3451387774155157,10,speech,Governor Lael Brainard,UST,16,25,1 Mo,y_probe,-0.023215056420786428
"(2020, 8)",-0.07630272185850412,10,speech,Chair Jerome H. Powell,UST,16,76,1 Mo,y_bl,-0.04201858626088459
"(2020, 8)",-0.07630272185850412,10,speech,Vice Chair Richard H. Clarida,UST,16,44,1 Mo,y_bl,-0.04201858626088459
"(2020, 8)",-0.07630272185850412,10,speech,Chair Jerome H. Powell,UST,16,76,1 Mo,y_probe,0.019711176133178288
"(2020, 8)",-0.07630272185850412,10,speech,Vice Chair Richard H. Clarida,UST,16,44,1 Mo,y_probe,-0.015697818028355254
"(2020, 9)",-0.056042040153164614,10,meeting minutes,,UST,16,106,1 Mo,y_bl,-0.24229693706609495
"(2020, 9)",-0.056042040153164614,10,press conference,,UST,16,83,1 Mo,y_bl,-0.24229693706609495
"(2020, 9)",-0.056042040153164614,10,speech,Governor Lael Brainard,UST,16,39,1 Mo,y_bl,-0.24229693706609495
"(2020, 9)",-0.056042040153164614,10,meeting minutes,,UST,16,106,1 Mo,y_probe,-0.005569845327687541
"(2020, 9)",-0.056042040153164614,10,press conference,,UST,16,83,1 Mo,y_probe,0.07423064000951668
"(2020, 9)",-0.056042040153164614,10,speech,Governor Lael Brainard,UST,16,39,1 Mo,y_probe,-0.005821990598663009
"(2020, 10)",0.16317031926243833,10,speech,Vice Chair Richard H. Clarida,UST,16,38,1 Mo,y_bl,0.025441993451286407
"(2020, 10)",0.16317031926243833,10,speech,Vice Chair Richard H. Clarida,UST,16,38,1 Mo,y_probe,-0.019879092989925184
"(2020, 11)",-0.06782259633876109,10,meeting minutes,,UST,16,100,1 Mo,y_bl,0.23525044889183563
"(2020, 11)",-0.06782259633876109,10,press conference,,UST,16,36,1 Mo,y_bl,0.23525044889183563
"(2020, 11)",-0.06782259633876109,10,meeting minutes,,UST,16,100,1 Mo,y_probe,-0.03571698774889569
"(2020, 11)",-0.06782259633876109,10,press conference,,UST,16,36,1 Mo,y_probe,-0.0033910313138666884
"(2020, 12)",-0.11778303565638262,10,meeting minutes,,UST,16,106,1 Mo,y_bl,-0.1784475022344508
"(2020, 12)",-0.11778303565638262,10,press conference,,UST,16,82,1 Mo,y_bl,-0.1784475022344508
"(2020, 12)",-0.11778303565638262,10,meeting minutes,,UST,16,106,1 Mo,y_probe,0.007695085246857499
"(2020, 12)",-0.11778303565638262,10,press conference,,UST,16,82,1 Mo,y_probe,0.069806814327695
"(2021, 1)",-0.32449572432525414,10,meeting minutes,,UST,16,117,1 Mo,y_bl,-0.25214174485230856
"(2021, 1)",-0.32449572432525414,10,press conference,,UST,16,81,1 Mo,y_bl,-0.25214174485230856
"(2021, 1)",-0.32449572432525414,10,speech,Governor Lael Brainard,UST,16,49,1 Mo,y_bl,-0.25214174485230856
"(2021, 1)",-0.32449572432525414,10,speech,Vice Chair Richard H. Clarida,UST,16,22,1 Mo,y_bl,-0.25214174485230856
"(2021, 1)",-0.32449572432525414,10,meeting minutes,,UST,16,117,1 Mo,y_probe,-0.009184019354256806
"(2021, 1)",-0.32449572432525414,10,press conference,,UST,16,81,1 Mo,y_probe,0.04946945136193514
"(2021, 1)",-0.32449572432525414,10,speech,Governor Lael Brainard,UST,16,49,1 Mo,y_probe,-0.04209024339864994
"(2021, 1)",-0.32449572432525414,10,speech,Vice Chair Richard H. Clarida,UST,16,22,1 Mo,y_probe,-0.07008300381967117
"(2021, 2)",-0.6888006974675704,10,speech,Governor Lael Brainard,UST,16,93,1 Mo,y_bl,-0.017396323740757925
"(2021, 2)",-0.6888006974675704,10,speech,Vice Chair Richard H. Clarida,UST,16,93,1 Mo,y_bl,-0.017396323740757925
"(2021, 2)",-0.6888006974675704,10,speech,Governor Lael Brainard,UST,16,93,1 Mo,y_probe,-0.10788553071833111
"(2021, 2)",-0.6888006974675704,10,speech,Vice Chair Richard H. Clarida,UST,16,93,1 Mo,y_probe,-0.10788553071833111
"(2021, 3)",-0.8254009912211212,10,meeting minutes,,UST,16,112,1 Mo,y_bl,0.05611396676850052
"(2021, 3)",-0.8254009912211212,10,press conference,,UST,16,93,1 Mo,y_bl,0.05611396676850052
"(2021, 3)",-0.8254009912211212,10,speech,Governor Lael Brainard,UST,16,39,1 Mo,y_bl,0.05611396676850052
"(2021, 3)",-0.8254009912211212,10,speech,Vice Chair Richard H. Clarida,UST,16,30,1 Mo,y_bl,0.05611396676850052
"(2021, 3)",-0.8254009912211212,10,meeting minutes,,UST,16,112,1 Mo,y_probe,-0.013970344300037888
"(2021, 3)",-0.8254009912211212,10,press conference,,UST,16,93,1 Mo,y_probe,0.028057176347068526
"(2021, 3)",-0.8254009912211212,10,speech,Governor Lael Brainard,UST,16,39,1 Mo,y_probe,0.0495949976992757
"(2021, 3)",-0.8254009912211212,10,speech,Vice Chair Richard H. Clarida,UST,16,30,1 Mo,y_probe,3.347416133837507e-5
"(2021, 4)",-0.42950472729430106,10,meeting minutes,,UST,16,103,1 Mo,y_bl,-0.22407236473619518
"(2021, 4)",-0.42950472729430106,10,press conference,,UST,16,82,1 Mo,y_bl,-0.22407236473619518
"(2021, 4)",-0.42950472729430106,10,meeting minutes,,UST,16,103,1 Mo,y_probe,0.014063804840845998
"(2021, 4)",-0.42950472729430106,10,press conference,,UST,16,82,1 Mo,y_probe,0.08181875132613237
"(2021, 5)",0.0,10,speech,Governor Michelle W. Bowman,UST,16,23,1 Mo,y_bl,-0.014985177415132478
"(2021, 5)",0.0,10,speech,Vice Chair Richard H. Clarida,UST,16,23,1 Mo,y_bl,-0.014985177415132478
"(2021, 5)",0.0,10,speech,Governor Michelle W. Bowman,UST,16,23,1 Mo,y_probe,-0.011651212983653816
"(2021, 5)",0.0,10,speech,Vice Chair Richard H. Clarida,UST,16,23,1 Mo,y_probe,-0.0192048212282101
"(2021, 6)",2.657519392455005,10,meeting minutes,,UST,16,121,1 Mo,y_bl,0.23183510921240472
"(2021, 6)",2.657519392455005,10,press conference,,UST,16,111,1 Mo,y_bl,0.23183510921240472
"(2021, 6)",2.657519392455005,10,meeting minutes,,UST,16,121,1 Mo,y_probe,0.09795621595973977
"(2021, 6)",2.657519392455005,10,press conference,,UST,16,111,1 Mo,y_probe,0.23909036299505795
"(2021, 7)",2.6645352591003757e-15,10,meeting minutes,,UST,16,132,1 Mo,y_bl,-0.12068979627587585
"(2021, 7)",2.6645352591003757e-15,10,press conference,,UST,16,104,1 Mo,y_bl,-0.12068979627587585
"(2021, 7)",2.6645352591003757e-15,10,meeting minutes,,UST,16,132,1 Mo,y_probe,0.07353123854494208
"(2021, 7)",2.6645352591003757e-15,10,press conference,,UST,16,104,1 Mo,y_probe,0.15246713543988552
"(2021, 8)",0.06478361167187073,10,speech,Chair Jerome H. Powell,UST,16,66,1 Mo,y_bl,-0.09873030124243566
"(2021, 8)",0.06478361167187073,10,speech,Vice Chair Richard H. Clarida,UST,16,27,1 Mo,y_bl,-0.09873030124243566
"(2021, 8)",0.06478361167187073,10,speech,Chair Jerome H. Powell,UST,16,66,1 Mo,y_probe,0.033597854464765174
"(2021, 8)",0.06478361167187073,10,speech,Vice Chair Richard H. Clarida,UST,16,27,1 Mo,y_probe,0.012315423119231632
"(2021, 9)",-0.07006756261671754,10,meeting minutes,,UST,16,126,1 Mo,y_bl,-0.11961492630282634
"(2021, 9)",-0.07006756261671754,10,press conference,,UST,16,58,1 Mo,y_bl,-0.11961492630282634
"(2021, 9)",-0.07006756261671754,10,meeting minutes,,UST,16,126,1 Mo,y_probe,0.06331356357956619
"(2021, 9)",-0.07006756261671754,10,press conference,,UST,16,58,1 Mo,y_probe,0.10000449337682982
"(2021, 10)",0.33722782090277903,10,speech,Governor Christopher J. Waller,UST,16,97,1 Mo,y_bl,-0.020851467183403125
"(2021, 10)",0.33722782090277903,10,speech,Governor Michelle W. Bowman,UST,16,2,1 Mo,y_bl,-0.020851467183403125
"(2021, 10)",0.33722782090277903,10,speech,Governor Randal K. Quarles,UST,16,77,1 Mo,y_bl,-0.020851467183403125
"(2021, 10)",0.33722782090277903,10,speech,Vice Chair Richard H. Clarida,UST,16,17,1 Mo,y_bl,-0.020851467183403125
"(2021, 10)",0.33722782090277903,10,speech,Governor Christopher J. Waller,UST,16,97,1 Mo,y_probe,0.09630242269385034
"(2021, 10)",0.33722782090277903,10,speech,Governor Michelle W. Bowman,UST,16,2,1 Mo,y_probe,0.0147850397377296
"(2021, 10)",0.33722782090277903,10,speech,Governor Randal K. Quarles,UST,16,77,1 Mo,y_probe,0.09294895955074975
"(2021, 10)",0.33722782090277903,10,speech,Vice Chair Richard H. Clarida,UST,16,17,1 Mo,y_probe,0.05479733586884403
"(2021, 11)",0.011927691447084684,10,meeting minutes,,UST,16,126,1 Mo,y_bl,0.2718259515349797
"(2021, 11)",0.011927691447084684,10,press conference,,UST,16,92,1 Mo,y_bl,0.2718259515349797
"(2021, 11)",0.011927691447084684,10,speech,Vice Chair Richard H. Clarida,UST,16,80,1 Mo,y_bl,0.2718259515349797
"(2021, 11)",0.011927691447084684,10,meeting minutes,,UST,16,126,1 Mo,y_probe,0.06331356357956619
"(2021, 11)",0.011927691447084684,10,press conference,,UST,16,92,1 Mo,y_probe,0.10463028480095046
"(2021, 11)",0.011927691447084684,10,speech,Vice Chair Richard H. Clarida,UST,16,80,1 Mo,y_probe,0.05137818352603909
"(2021, 12)",-0.7163654706619502,10,meeting minutes,,UST,16,120,1 Mo,y_bl,-0.3332509969318859
"(2021, 12)",-0.7163654706619502,10,press conference,,UST,16,106,1 Mo,y_bl,-0.3332509969318859
"(2021, 12)",-0.7163654706619502,10,meeting minutes,,UST,16,120,1 Mo,y_probe,0.08830165957373606
"(2021, 12)",-0.7163654706619502,10,press conference,,UST,16,106,1 Mo,y_probe,0.12521610019910948
"(2022, 1)",0.6931471805599464,10,meeting minutes,,UST,16,120,1 Mo,y_bl,0.103758184255796
"(2022, 1)",0.6931471805599464,10,press conference,,UST,16,103,1 Mo,y_bl,0.103758184255796
"(2022, 1)",0.6931471805599464,10,meeting minutes,,UST,16,120,1 Mo,y_probe,0.08830165957373606
"(2022, 1)",0.6931471805599464,10,press conference,,UST,16,103,1 Mo,y_probe,0.18700239510306185
"(2022, 2)",-0.18232155679395654,10,speech,Governor Christopher J. Waller,UST,16,73,1 Mo,y_bl,0.12082398109101934
"(2022, 2)",-0.18232155679395654,10,speech,Governor Christopher J. Waller,UST,16,73,1 Mo,y_probe,0.12443994691049638
"(2022, 3)",1.5517205049061586,10,meeting minutes,,UST,16,120,1 Mo,y_bl,0.21333600689923357
"(2022, 3)",1.5517205049061586,10,press conference,,UST,16,129,1 Mo,y_bl,0.21333600689923357
"(2022, 3)",1.5517205049061586,10,speech,Chair Pro Tempore Jerome H. Powell,UST,16,60,1 Mo,y_bl,0.21333600689923357
"(2022, 3)",1.5517205049061586,10,meeting minutes,,UST,16,120,1 Mo,y_probe,0.1861620294768846
"(2022, 3)",1.5517205049061586,10,press conference,,UST,16,129,1 Mo,y_probe,0.2520020568711621
"(2022, 3)",1.5517205049061586,10,speech,Chair Pro Tempore Jerome H. Powell,UST,16,60,1 Mo,y_probe,0.16836657779296316
"(2022, 4)",-0.271368496960258,10,speech,Governor Lael Brainard,UST,16,80,1 Mo,y_bl,0.13451671386288505
"(2022, 4)",-0.271368496960258,10,speech,Governor Lael Brainard,UST,16,80,1 Mo,y_probe,0.0010557776296634784
"(2022, 5)",0.9989009834944319,10,meeting minutes,,UST,16,110,1 Mo,y_bl,-0.1983045218563466
"(2022, 5)",0.9989009834944319,10,press conference,,UST,16,117,1 Mo,y_bl,-0.1983045218563466
"(2022, 5)",0.9989009834944319,10,speech,Governor Christopher J. Waller,UST,16,32,1 Mo,y_bl,-0.1983045218563466
"(2022, 5)",0.9989009834944319,10,meeting minutes,,UST,16,110,1 Mo,y_probe,0.15976244111920143
"(2022, 5)",0.9989009834944319,10,press conference,,UST,16,117,1 Mo,y_probe,0.24727134530981837
"(2022, 5)",0.9989009834944319,10,speech,Governor Christopher J. Waller,UST,16,32,1 Mo,y_probe,0.08725300776418234
"(2022, 6)",0.8986131868721113,10,meeting minutes,,UST,16,137,1 Mo,y_bl,0.4075419724835828
"(2022, 6)",0.8986131868721113,10,press conference,,UST,16,136,1 Mo,y_bl,0.4075419724835828
"(2022, 6)",0.8986131868721113,10,speech,Governor Michelle W. Bowman,UST,16,31,1 Mo,y_bl,0.4075419724835828
"(2022, 6)",0.8986131868721113,10,meeting minutes,,UST,16,137,1 Mo,y_probe,0.1301322665643723
"(2022, 6)",0.8986131868721113,10,press conference,,UST,16,136,1 Mo,y_probe,0.21363446772641118
"(2022, 6)",0.8986131868721113,10,speech,Governor Michelle W. Bowman,UST,16,31,1 Mo,y_probe,0.17697044143584187
"(2022, 7)",0.5639256090629363,10,meeting minutes,,UST,16,155,1 Mo,y_bl,-0.17758439598114478
"(2022, 7)",0.5639256090629363,10,press conference,,UST,16,112,1 Mo,y_bl,-0.17758439598114478
"(2022, 7)",0.5639256090629363,10,speech,Governor Christopher J. Waller,UST,16,63,1 Mo,y_bl,-0.17758439598114478
"(2022, 7)",0.5639256090629363,10,meeting minutes,,UST,16,155,1 Mo,y_probe,0.09662406720793483
"(2022, 7)",0.5639256090629363,10,press conference,,UST,16,112,1 Mo,y_probe,0.23032670324789045
"(2022, 7)",0.5639256090629363,10,speech,Governor Christopher J. Waller,UST,16,63,1 Mo,y_probe,0.12801627287327053
"(2022, 8)",0.12395935404189312,10,speech,Chair Jerome H. Powell,UST,16,48,1 Mo,y_bl,0.10021313220213626
"(2022, 8)",0.12395935404189312,10,speech,Chair Jerome H. Powell,UST,16,48,1 Mo,y_probe,0.12751305238339747
"(2022, 9)",0.07226314332443279,10,meeting minutes,,UST,16,142,1 Mo,y_bl,-0.5466206000541518
"(2022, 9)",0.07226314332443279,10,press conference,,UST,16,116,1 Mo,y_bl,-0.5466206000541518
"(2022, 9)",0.07226314332443279,10,speech,Vice Chair Lael Brainard,UST,16,73,1 Mo,y_bl,-0.5466206000541518
"(2022, 9)",0.07226314332443279,10,meeting minutes,,UST,16,142,1 Mo,y_probe,0.10632983744919808
"(2022, 9)",0.07226314332443279,10,press conference,,UST,16,116,1 Mo,y_probe,0.1784044588378826
"(2022, 9)",0.07226314332443279,10,speech,Vice Chair Lael Brainard,UST,16,73,1 Mo,y_probe,0.04943447468197811
"(2022, 10)",0.1770195974148705,10,speech,Governor Michelle W. Bowman,UST,16,8,1 Mo,y_bl,-0.025952159989225256
"(2022, 10)",0.1770195974148705,10,speech,Governor Michelle W. Bowman,UST,16,8,1 Mo,y_probe,0.1085639969284679
